"Dist Code","Year","State Code","State Name","Dist Name","CANALS AREA (1000 ha)","TANKS AREA (1000 ha)","TUBE WELLS AREA (1000 ha)","OTHER WELLS AREA (1000 ha)","TOTAL WELLS AREA (1000 ha)","OTHER SOURCES AREA (1000 ha)","NET AREA (1000 ha)","GROSS AREA (1000 ha)"
"121","1966","3","Gujarat","Ahmedabad","23.2","5.4","0.0","45.39","45.39","1.1","75.1","80.6"
"121","1967","3","Gujarat","Ahmedabad","25.9","5.2","5.46","51.26","56.72","2.5","90.4","90.6"
"121","1968","3","Gujarat","Ahmedabad","22.4","1.6","14.47","40.76","55.23","1.4","80.7","82.1"
"121","1969","3","Gujarat","Ahmedabad","18.1","4.3","15.51","45.77","61.28","2.3","86.1","89.0"
"121","1970","3","Gujarat","Ahmedabad","24.5","4.7","11.38","49.71","61.09","0.4","90.8","96.6"
"121","1971","3","Gujarat","Ahmedabad","22.0","10.0","16.41","48.97","65.38","1.8","99.3","104.2"
"121","1972","3","Gujarat","Ahmedabad","13.0","8.8","19.16","45.52","64.68","0.5","87.1","107.7"
"121","1973","3","Gujarat","Ahmedabad","26.4","3.2","13.04","41.39","54.43","1.2","85.3","105.9"
"121","1974","3","Gujarat","Ahmedabad","17.3","1.7","18.92","33.23","52.15","2.9","74.2","94.5"
"121","1975","3","Gujarat","Ahmedabad","24.5","3.1","21.25","28.79","50.04","1.2","79.0","98.7"
"121","1976","3","Gujarat","Ahmedabad","24.6","1.7","22.29","29.83","52.12","0.9","79.5","99.8"
"121","1977","3","Gujarat","Ahmedabad","30.5","1.9","23.78","34.27","58.05","0.9","91.5","108.9"
"121","1978","3","Gujarat","Ahmedabad","33.1","2.1","24.58","36.27","60.85","0.8","96.7","115.2"
"121","1979","3","Gujarat","Ahmedabad","30.6","2.1","30.79","32.76","63.55","0.0","96.3","113.7"
"121","1980","3","Gujarat","Ahmedabad","34.3","2.4","33.03","35.81","68.84","0.0","105.5","123.0"
"121","1981","3","Gujarat","Ahmedabad","35.1","2.5","36.88","44.01","80.89","0.0","118.5","135.2"
"121","1982","3","Gujarat","Ahmedabad","36.1","1.1","41.64","39.85","81.49","0.0","118.7","132.7"
"121","1983","3","Gujarat","Ahmedabad","49.0","0.1","39.99","47.11","87.1","0.0","136.2","152.8"
"121","1984","3","Gujarat","Ahmedabad","48.9","0.3","41.26","44.82","86.08","0.0","135.3","151.8"
"121","1985","3","Gujarat","Ahmedabad","44.9","0.0","43.64","42.81","86.45","0.0","131.4","145.4"
"121","1986","3","Gujarat","Ahmedabad","31.0","0.4","51.74","44.23","95.97","0.0","127.4","142.8"
"121","1987","3","Gujarat","Ahmedabad","17.2","0.8","51.55","38.18","89.73","0.0","107.7","122.7"
"121","1988","3","Gujarat","Ahmedabad","44.2","1.2","64.15","41.05","105.2","0.0","150.5","172.5"
"121","1989","3","Gujarat","Ahmedabad","42.8","1.6","68.98","37.69","106.67","0.0","151.3","173.9"
"121","1990","3","Gujarat","Ahmedabad","41.2","1.2","70.31","38.79","109.09","0.0","151.49","175.7"
"121","1991","3","Gujarat","Ahmedabad","39.8","1.4","86.49","39.8","126.29","0.0","167.49","195.51"
"121","1992","3","Gujarat","Ahmedabad","39.5","1.6","87.72","39.81","127.53","0.0","168.63","204.17"
"121","1993","3","Gujarat","Ahmedabad","37.7","3.8","90.95","47.84","138.79","0.0","180.29","211.76"
"121","1994","3","Gujarat","Ahmedabad","39.94","2.2","103.55","41.2","144.75","0.0","186.96","225.76"
"121","1995","3","Gujarat","Ahmedabad","36.32","2.2","92.01","43.9","135.91","0.0","174.39","208.41"
"121","1996","3","Gujarat","Ahmedabad","38.38","2.2","92.92","45.61","138.54","0.0","179.17","215.4"
"121","1997","3","Gujarat","Ahmedabad","36.68","2.55","98.42","44.39","142.81","0.0","182.07","226.14"
"121","1998","3","Gujarat","Ahmedabad","32.2","2.3","117.16","39.2","156.36","0.0","190.86","231.58"
"121","1999","3","Gujarat","Ahmedabad","33.5","2.4","126.66","34.9","161.56","0.0","197.46","235.51"
"121","2000","3","Gujarat","Ahmedabad","24.9","0.7","119.95","51.96","171.91","0.0","197.51","253.93"
"121","2001","3","Gujarat","Ahmedabad","24.7","0.7","113.15","46.66","159.81","0.0","185.2","238.66"
"121","2002","3","Gujarat","Ahmedabad","24.2","2.3","116.18","51.38","167.57","0.0","194.07","244.1"
"121","2003","3","Gujarat","Ahmedabad","40.1","5.5","118.33","63.6","181.93","2.1","229.63","276.79"
"121","2004","3","Gujarat","Ahmedabad","54.86","4.46","114.01","59.97","173.98","1.18","234.47","312.94"
"121","2005","3","Gujarat","Ahmedabad","63.0","4.89","117.07","82.03","199.1","1.44","268.41","346.4"
"121","2006","3","Gujarat","Ahmedabad","62.48","4.85","125.39","79.37","204.76","1.95","274.02","360.8"
"121","2007","3","Gujarat","Ahmedabad","62.77","4.91","132.79","78.41","211.21","2.35","281.25","377.77"
"121","2008","3","Gujarat","Ahmedabad","55.85","4.92","131.33","82.32","213.65","2.89","277.21","382.59"
"121","2009","3","Gujarat","Ahmedabad","77.45","7.6","162.64","76.43","239.07","7.16","331.32","449.28"
"121","2010","3","Gujarat","Ahmedabad","56.5","4.92","119.37","93.73","213.1","9.73","284.14","387.6"
"121","2011","3","Gujarat","Ahmedabad","82.45","24.4","150.62","70.22","220.84","13.36","341.04","461.44"
"121","2014","3","Gujarat","Ahmedabad","51.74","38.97","147.84","57.69","205.42","12.28","308.53","564.83"
"121","2015","3","Gujarat","Ahmedabad","91.48","22.22","126.02","61.53","187.55","9.45","310.69","506.56"
"121","2016","3","Gujarat","Ahmedabad","71.69","25.11","122.01","58.73","180.74","39.06","316.51","517.0"
"121","2017","3","Gujarat","Ahmedabad","77.71","21.15","116.47","58.5","174.97","43.92","317.92","523.68"
"122","1966","3","Gujarat","Amreli","3.1","0.2","0.0","29.66","29.66","0.0","33.0","33.1"
"122","1967","3","Gujarat","Amreli","3.0","0.3","0.0","30.1","30.1","0.0","33.4","33.4"
"122","1968","3","Gujarat","Amreli","3.2","1.1","0.0","30.1","30.1","0.1","34.5","38.1"
"122","1969","3","Gujarat","Amreli","2.8","0.2","0.0","34.9","34.9","0.1","38.0","41.8"
"122","1970","3","Gujarat","Amreli","2.5","0.6","0.0","44.4","44.4","0.0","47.5","50.6"
"122","1971","3","Gujarat","Amreli","3.1","0.6","0.0","49.1","49.1","0.0","52.8","56.6"
"122","1972","3","Gujarat","Amreli","0.3","0.2","0.0","47.6","47.6","0.0","48.1","50.4"
"122","1973","3","Gujarat","Amreli","2.8","0.2","0.0","46.6","46.6","0.0","49.6","51.6"
"122","1974","3","Gujarat","Amreli","0.5","0.3","0.0","32.1","32.1","0.0","32.9","38.7"
"122","1975","3","Gujarat","Amreli","1.9","0.3","0.0","29.2","29.2","0.0","31.4","34.5"
"122","1976","3","Gujarat","Amreli","2.3","0.1","0.0","32.8","32.8","0.0","35.5","36.6"
"122","1977","3","Gujarat","Amreli","5.0","0.1","0.0","35.4","35.4","0.0","40.5","40.5"
"122","1978","3","Gujarat","Amreli","5.1","0.3","0.0","31.4","31.4","0.0","36.8","37.5"
"122","1979","3","Gujarat","Amreli","6.5","0.3","0.0","56.5","56.5","0.0","63.3","64.4"
"122","1980","3","Gujarat","Amreli","5.4","0.7","0.0","58.1","58.1","0.0","64.2","73.6"
"122","1981","3","Gujarat","Amreli","5.2","0.8","0.0","68.5","68.5","0.0","74.5","76.1"
"122","1982","3","Gujarat","Amreli","6.6","0.7","0.0","82.6","82.6","0.0","89.9","90.6"
"122","1983","3","Gujarat","Amreli","7.4","0.9","0.0","90.3","90.3","0.0","98.6","99.1"
"122","1984","3","Gujarat","Amreli","2.5","0.2","0.0","57.2","57.2","0.0","59.9","60.4"
"122","1985","3","Gujarat","Amreli","0.1","0.0","0.0","37.3","37.3","0.0","37.4","37.7"
"122","1986","3","Gujarat","Amreli","0.2","0.0","0.0","35.6","35.6","0.0","35.8","36.2"
"122","1987","3","Gujarat","Amreli","0.0","0.0","0.0","26.6","26.6","0.0","26.6","27.1"
"122","1988","3","Gujarat","Amreli","3.0","0.0","0.0","56.6","56.6","0.7","60.3","61.5"
"122","1989","3","Gujarat","Amreli","2.1","0.0","0.0","52.3","52.3","0.0","54.4","56.6"
"122","1990","3","Gujarat","Amreli","2.1","0.0","0.0","61.7","61.7","0.0","63.8","66.9"
"122","1991","3","Gujarat","Amreli","3.3","0.0","0.0","51.7","51.7","0.0","55.0","58.7"
"122","1992","3","Gujarat","Amreli","5.0","0.0","0.0","61.5","61.5","0.0","66.5","69.6"
"122","1993","3","Gujarat","Amreli","2.3","0.0","0.0","58.0","58.0","0.0","60.3","63.3"
"122","1994","3","Gujarat","Amreli","4.44","0.0","0.0","106.69","106.69","0.0","111.1","120.1"
"122","1995","3","Gujarat","Amreli","6.81","0.0","0.0","80.61","80.61","0.0","87.4","94.2"
"122","1996","3","Gujarat","Amreli","10.19","0.0","0.0","98.4","98.4","0.0","108.6","115.0"
"122","1997","3","Gujarat","Amreli","2.16","0.0","0.0","89.28","89.28","0.0","91.4","97.7"
"122","1998","3","Gujarat","Amreli","3.8","0.0","0.0","78.5","78.5","0.0","82.3","92.0"
"122","1999","3","Gujarat","Amreli","0.0","0.0","0.0","72.7","72.7","0.0","72.7","86.1"
"122","2000","3","Gujarat","Amreli","0.0","0.0","0.0","70.5","70.5","0.0","70.5","76.0"
"122","2001","3","Gujarat","Amreli","2.2","0.0","0.0","89.7","89.7","0.0","91.9","101.0"
"122","2002","3","Gujarat","Amreli","0.0","0.0","0.0","101.5","101.5","0.0","101.5","115.1"
"122","2003","3","Gujarat","Amreli","5.0","0.0","0.0","97.0","97.0","0.0","102.4","118.8"
"122","2004","3","Gujarat","Amreli","6.6","0.2","0.0","119.4","119.4","0.4","126.6","139.1"
"122","2005","3","Gujarat","Amreli","8.9","0.3","0.0","118.0","118.0","0.5","127.68","145.38"
"122","2006","3","Gujarat","Amreli","7.7","0.5","2.3","165.6","167.9","1.8","177.89","211.39"
"122","2007","3","Gujarat","Amreli","8.7","0.3","3.3","102.5","105.8","1.6","116.4","171.8"
"122","2008","3","Gujarat","Amreli","3.7","0.1","1.0","95.4","96.4","0.3","100.5","170.1"
"122","2009","3","Gujarat","Amreli","22.4","2.0","18.1","89.3","107.4","9.6","141.3","164.0"
"122","2010","3","Gujarat","Amreli","7.8","1.3","11.5","120.6","132.1","2.0","143.3","208.5"
"122","2011","3","Gujarat","Amreli","3.5","0.1","7.6","174.2","181.8","1.0","186.3","198.3"
"122","2014","3","Gujarat","Amreli","3.7","0.1","1.0","171.7","172.7","0.3","176.8","218.0"
"122","2015","3","Gujarat","Amreli","5.7","1.0","1.8","200.6","202.4","1.7","210.7","212.7"
"122","2016","3","Gujarat","Amreli","38.6","0.1","32.7","137.0","169.7","29.3","237.7","240.5"
"122","2017","3","Gujarat","Amreli","13.2","1.4","116.8","91.0","207.8","1.0","223.4","243.5"
"123","1966","3","Gujarat","Banaskantha","1.7","0.6","0.0","88.83","88.83","0.0","91.1","92.5"
"123","1967","3","Gujarat","Banaskantha","2.1","0.8","2.9","99.6","102.5","0.0","105.4","110.8"
"123","1968","3","Gujarat","Banaskantha","1.8","0.2","4.8","105.5","110.3","0.0","112.3","119.2"
"123","1969","3","Gujarat","Banaskantha","5.9","0.5","5.6","106.0","111.6","0.0","118.0","126.5"
"123","1970","3","Gujarat","Banaskantha","12.8","0.5","5.8","97.0","102.8","0.9","117.0","130.5"
"123","1971","3","Gujarat","Banaskantha","9.8","0.3","4.5","105.1","109.6","0.5","120.2","127.1"
"123","1972","3","Gujarat","Banaskantha","9.5","0.3","6.7","108.0","114.7","3.5","128.0","134.8"
"123","1973","3","Gujarat","Banaskantha","11.0","0.7","8.3","104.4","112.7","1.6","126.0","148.5"
"123","1974","3","Gujarat","Banaskantha","10.4","0.6","13.8","135.3","149.1","0.5","160.6","160.7"
"123","1975","3","Gujarat","Banaskantha","14.3","1.1","10.3","137.5","147.8","6.0","169.2","176.4"
"123","1976","3","Gujarat","Banaskantha","16.2","0.8","9.8","142.0","151.8","1.7","170.5","185.2"
"123","1977","3","Gujarat","Banaskantha","13.8","0.8","11.7","155.3","167.0","2.0","183.6","198.4"
"123","1978","3","Gujarat","Banaskantha","16.3","1.2","10.4","171.3","181.7","2.2","200.4","209.8"
"123","1979","3","Gujarat","Banaskantha","14.6","1.2","12.7","181.8","194.5","2.0","212.3","222.2"
"123","1980","3","Gujarat","Banaskantha","16.0","1.2","14.9","177.2","192.1","0.4","209.7","221.7"
"123","1981","3","Gujarat","Banaskantha","16.0","0.8","19.5","180.0","199.5","0.1","216.4","224.8"
"123","1982","3","Gujarat","Banaskantha","11.6","1.1","16.0","191.8","207.8","0.3","220.8","229.6"
"123","1983","3","Gujarat","Banaskantha","11.9","1.6","16.3","221.5","237.8","0.2","251.5","265.2"
"123","1984","3","Gujarat","Banaskantha","11.7","0.9","20.7","237.4","258.1","0.7","271.4","291.3"
"123","1985","3","Gujarat","Banaskantha","8.3","0.0","28.6","216.7","245.3","0.0","253.6","271.0"
"123","1986","3","Gujarat","Banaskantha","9.5","0.0","30.7","221.6","252.3","0.0","261.8","279.1"
"123","1987","3","Gujarat","Banaskantha","0.0","0.0","41.1","226.5","267.6","0.0","267.6","285.8"
"123","1988","3","Gujarat","Banaskantha","12.4","0.0","40.2","233.1","273.3","0.0","285.7","315.9"
"123","1989","3","Gujarat","Banaskantha","8.4","0.0","42.7","265.9","308.6","0.0","317.0","348.6"
"123","1990","3","Gujarat","Banaskantha","8.8","0.0","45.1","268.8","313.9","0.0","322.7","355.2"
"123","1991","3","Gujarat","Banaskantha","9.5","0.0","52.9","272.5","325.4","0.0","334.9","370.6"
"123","1992","3","Gujarat","Banaskantha","25.2","0.0","51.6","282.6","334.2","0.0","359.4","394.9"
"123","1993","3","Gujarat","Banaskantha","17.9","0.0","41.6","288.0","329.6","0.0","347.5","404.0"
"123","1994","3","Gujarat","Banaskantha","18.58","0.0","57.36","251.31","308.67","0.0","327.3","418.2"
"123","1995","3","Gujarat","Banaskantha","9.47","4.47","61.77","267.5","329.27","0.0","343.2","428.5"
"123","1996","3","Gujarat","Banaskantha","7.32","0.98","63.8","276.8","340.6","0.0","348.9","437.4"
"123","1997","3","Gujarat","Banaskantha","7.82","1.1","109.54","230.49","340.03","0.0","349.0","447.5"
"123","1998","3","Gujarat","Banaskantha","6.0","1.1","133.2","221.4","354.6","0.0","361.7","460.7"
"123","1999","3","Gujarat","Banaskantha","0.0","0.7","172.8","208.8","381.6","0.0","382.3","462.7"
"123","2000","3","Gujarat","Banaskantha","0.0","0.2","206.2","175.7","381.9","0.0","382.1","456.6"
"123","2001","3","Gujarat","Banaskantha","0.0","0.3","227.2","171.7","398.9","0.0","399.2","490.0"
"123","2002","3","Gujarat","Banaskantha","0.0","0.2","241.3","154.8","396.1","0.0","396.3","490.3"
"123","2003","3","Gujarat","Banaskantha","9.0","0.0","218.0","130.0","348.0","0.0","355.9","472.1"
"123","2004","3","Gujarat","Banaskantha","9.6","0.4","207.2","150.3","357.5","0.3","367.8","469.2"
"123","2005","3","Gujarat","Banaskantha","12.4","0.5","269.2","134.7","403.9","0.5","417.29","531.51"
"123","2006","3","Gujarat","Banaskantha","13.0","1.9","251.6","151.7","403.3","0.6","418.82","517.73"
"123","2007","3","Gujarat","Banaskantha","13.0","1.9","261.0","121.0","382.0","0.4","397.3","511.4"
"123","2008","3","Gujarat","Banaskantha","8.0","0.2","139.4","46.4","185.8","0.3","194.3","491.1"
"123","2009","3","Gujarat","Banaskantha","2.2","2.7","292.8","135.5","428.3","1.7","435.0","610.6"
"123","2010","3","Gujarat","Banaskantha","17.9","0.5","278.1","102.9","381.0","0.0","399.4","571.7"
"123","2011","3","Gujarat","Banaskantha","3.8","0.4","346.0","31.8","377.8","1.8","383.7","688.0"
"123","2014","3","Gujarat","Banaskantha","18.1","1.6","244.6","42.4","287.0","7.5","314.3","870.0"
"123","2015","3","Gujarat","Banaskantha","13.5","0.2","273.7","30.5","304.2","0.0","317.9","856.4"
"123","2016","3","Gujarat","Banaskantha","22.8","0.5","277.7","19.5","297.2","0.0","320.5","860.2"
"123","2017","3","Gujarat","Banaskantha","35.2","0.8","281.1","46.3","327.4","0.0","363.5","868.7"
"124","1966","3","Gujarat","Bharuch","1.2","0.6","0.0","27.07","27.07","0.9","29.8","31.2"
"124","1967","3","Gujarat","Bharuch","1.4","0.8","0.0","29.7","29.7","2.4","34.3","35.6"
"124","1968","3","Gujarat","Bharuch","1.4","1.1","0.0","34.3","34.3","3.9","40.7","42.0"
"124","1969","3","Gujarat","Bharuch","1.8","1.1","2.0","38.1","40.1","5.1","48.1","49.9"
"124","1970","3","Gujarat","Bharuch","2.4","0.7","2.9","42.2","45.1","6.7","54.9","55.9"
"124","1971","3","Gujarat","Bharuch","2.3","1.0","2.7","40.2","42.9","9.6","55.8","57.2"
"124","1972","3","Gujarat","Bharuch","2.9","0.9","3.4","31.6","35.0","7.6","46.4","48.5"
"124","1973","3","Gujarat","Bharuch","2.6","0.9","3.5","34.3","37.8","6.7","48.0","49.7"
"124","1974","3","Gujarat","Bharuch","4.7","0.6","4.0","38.1","42.1","4.8","52.2","53.7"
"124","1975","3","Gujarat","Bharuch","4.5","0.6","3.0","29.1","32.1","1.7","38.9","41.2"
"124","1976","3","Gujarat","Bharuch","4.2","0.5","2.7","22.7","25.4","1.4","31.9","33.2"
"124","1977","3","Gujarat","Bharuch","6.7","0.5","2.9","26.3","29.2","2.1","38.5","39.6"
"124","1978","3","Gujarat","Bharuch","9.4","0.7","2.9","26.1","29.0","1.7","41.4","49.4"
"124","1979","3","Gujarat","Bharuch","11.3","0.4","2.9","27.5","30.4","1.1","43.2","44.0"
"124","1980","3","Gujarat","Bharuch","14.8","0.4","5.8","22.9","28.7","1.3","45.2","45.9"
"124","1981","3","Gujarat","Bharuch","16.5","0.1","8.8","22.1","30.9","1.0","48.5","49.1"
"124","1982","3","Gujarat","Bharuch","8.3","1.4","7.4","20.6","28.0","0.2","37.9","39.2"
"124","1983","3","Gujarat","Bharuch","14.9","0.3","11.4","12.7","24.1","0.3","39.6","40.6"
"124","1984","3","Gujarat","Bharuch","15.5","0.4","9.5","15.5","25.0","0.1","41.0","43.0"
"124","1985","3","Gujarat","Bharuch","17.7","0.3","14.2","12.9","27.1","0.2","45.3","48.2"
"124","1986","3","Gujarat","Bharuch","18.6","0.2","11.1","16.1","27.2","0.3","46.3","47.8"
"124","1987","3","Gujarat","Bharuch","19.6","0.4","7.3","10.5","17.8","0.0","37.8","39.6"
"124","1988","3","Gujarat","Bharuch","21.1","0.7","12.7","11.4","24.1","0.0","45.9","47.1"
"124","1989","3","Gujarat","Bharuch","25.0","0.7","14.5","14.2","28.7","0.0","54.4","55.7"
"124","1990","3","Gujarat","Bharuch","25.2","0.8","17.9","16.1","34.0","0.0","60.0","62.6"
"124","1991","3","Gujarat","Bharuch","26.7","0.8","14.0","17.9","31.9","0.0","59.4","62.6"
"124","1992","3","Gujarat","Bharuch","27.8","0.8","18.8","15.7","34.5","1.4","64.5","66.9"
"124","1993","3","Gujarat","Bharuch","29.6","0.8","18.6","15.1","33.7","1.4","65.5","67.8"
"124","1994","3","Gujarat","Bharuch","31.68","0.71","20.66","19.1","39.76","0.0","72.1","74.0"
"124","1995","3","Gujarat","Bharuch","35.78","0.39","23.14","20.77","43.92","1.6","81.7","84.0"
"124","1996","3","Gujarat","Bharuch","32.13","0.89","27.88","20.87","48.76","1.8","83.6","87.3"
"124","1997","3","Gujarat","Bharuch","33.53","0.97","32.2","23.16","55.36","2.12","92.0","94.1"
"124","1998","3","Gujarat","Bharuch","35.0","1.2","31.6","22.3","53.9","1.6","91.7","93.9"
"124","1999","3","Gujarat","Bharuch","37.3","1.0","35.3","21.2","56.5","1.8","96.6","98.7"
"124","2000","3","Gujarat","Bharuch","38.8","1.1","36.7","22.4","59.1","1.2","100.2","103.6"
"124","2001","3","Gujarat","Bharuch","38.2","1.1","41.9","23.7","65.6","1.4","106.3","111.0"
"124","2002","3","Gujarat","Bharuch","44.0","0.5","29.9","39.1","69.0","6.6","120.1","122.3"
"124","2003","3","Gujarat","Bharuch","51.1","0.9","24.5","47.8","72.3","4.6","128.9","138.5"
"124","2004","3","Gujarat","Bharuch","68.6","1.5","24.5","58.4","82.9","0.5","153.5","164.8"
"124","2005","3","Gujarat","Bharuch","65.4","1.6","22.8","59.1","81.9","1.6","150.55","163.57"
"124","2006","3","Gujarat","Bharuch","69.9","1.6","12.2","63.9","76.1","1.3","148.86","158.12"
"124","2007","3","Gujarat","Bharuch","71.2","1.6","13.8","54.9","68.7","1.4","142.9","154.5"
"124","2008","3","Gujarat","Bharuch","50.4","1.1","16.9","52.9","69.8","1.1","122.4","165.6"
"124","2009","3","Gujarat","Bharuch","48.5","1.8","22.6","54.5","77.1","1.1","128.4","166.7"
"124","2010","3","Gujarat","Bharuch","61.1","5.8","21.6","57.4","79.0","3.7","149.6","201.4"
"124","2011","3","Gujarat","Bharuch","88.3","4.9","11.1","40.9","52.0","4.0","149.3","235.5"
"124","2014","3","Gujarat","Bharuch","110.2","2.2","12.8","54.0","66.8","6.1","185.3","195.2"
"124","2015","3","Gujarat","Bharuch","73.1","1.7","12.7","28.4","41.1","3.5","119.4","171.7"
"124","2016","3","Gujarat","Bharuch","63.2","2.8","23.0","27.7","50.7","6.6","123.3","177.8"
"124","2017","3","Gujarat","Bharuch","76.9","2.5","19.6","23.4","43.0","5.8","128.2","208.9"
"125","1966","3","Gujarat","Vadodara / Baroda","3.8","4.2","0.0","39.46","39.46","3.8","51.3","51.3"
"125","1967","3","Gujarat","Vadodara / Baroda","3.8","5.2","0.9","44.7","45.6","1.3","55.9","62.6"
"125","1968","3","Gujarat","Vadodara / Baroda","2.5","3.9","1.1","56.2","57.3","1.0","64.7","72.5"
"125","1969","3","Gujarat","Vadodara / Baroda","2.3","4.3","1.5","71.0","72.5","1.0","80.1","90.5"
"125","1970","3","Gujarat","Vadodara / Baroda","2.8","4.8","1.9","77.7","79.6","1.0","88.2","100.1"
"125","1971","3","Gujarat","Vadodara / Baroda","2.1","4.0","3.0","80.8","83.8","1.1","91.0","102.3"
"125","1972","3","Gujarat","Vadodara / Baroda","2.4","6.5","3.5","85.7","89.2","2.1","100.2","115.0"
"125","1973","3","Gujarat","Vadodara / Baroda","3.0","3.7","4.3","90.7","95.0","1.3","103.0","120.1"
"125","1974","3","Gujarat","Vadodara / Baroda","2.4","3.8","4.9","93.3","98.2","1.0","105.4","121.7"
"125","1975","3","Gujarat","Vadodara / Baroda","2.3","4.0","5.4","88.7","94.1","1.0","101.4","115.8"
"125","1976","3","Gujarat","Vadodara / Baroda","1.2","4.2","9.7","79.4","89.1","0.8","95.3","106.0"
"125","1977","3","Gujarat","Vadodara / Baroda","1.4","3.6","10.6","84.1","94.7","1.3","101.0","112.5"
"125","1978","3","Gujarat","Vadodara / Baroda","2.3","4.4","10.7","83.7","94.4","1.3","102.2","115.0"
"125","1979","3","Gujarat","Vadodara / Baroda","2.4","3.8","11.4","88.0","99.4","1.2","106.8","118.1"
"125","1980","3","Gujarat","Vadodara / Baroda","2.1","4.1","12.5","88.8","101.3","1.1","108.6","122.4"
"125","1981","3","Gujarat","Vadodara / Baroda","2.2","3.6","16.5","92.7","109.2","1.3","116.3","127.9"
"125","1982","3","Gujarat","Vadodara / Baroda","2.3","3.6","18.1","91.3","109.4","1.4","116.7","133.9"
"125","1983","3","Gujarat","Vadodara / Baroda","1.9","5.6","20.4","97.1","117.5","1.5","126.5","141.6"
"125","1984","3","Gujarat","Vadodara / Baroda","2.3","4.5","25.3","87.8","113.1","1.3","121.2","140.0"
"125","1985","3","Gujarat","Vadodara / Baroda","2.9","4.4","35.0","87.8","122.8","0.0","130.1","148.8"
"125","1986","3","Gujarat","Vadodara / Baroda","2.7","4.0","45.5","86.3","131.8","0.0","138.5","156.8"
"125","1987","3","Gujarat","Vadodara / Baroda","2.3","4.2","39.3","81.5","120.8","0.0","127.3","142.6"
"125","1988","3","Gujarat","Vadodara / Baroda","2.2","2.8","43.0","75.5","118.5","0.8","124.3","144.2"
"125","1989","3","Gujarat","Vadodara / Baroda","3.0","3.9","52.9","76.0","128.9","1.3","137.1","154.5"
"125","1990","3","Gujarat","Vadodara / Baroda","3.1","4.8","58.7","83.0","141.7","1.5","151.1","173.5"
"125","1991","3","Gujarat","Vadodara / Baroda","3.9","6.5","58.7","86.3","145.0","1.3","156.7","177.3"
"125","1992","3","Gujarat","Vadodara / Baroda","4.1","6.8","58.2","86.3","144.5","1.2","156.6","178.3"
"125","1993","3","Gujarat","Vadodara / Baroda","4.7","5.6","60.9","89.6","150.5","1.3","162.1","189.1"
"125","1994","3","Gujarat","Vadodara / Baroda","3.4","5.78","60.81","90.28","151.09","1.38","161.6","192.8"
"125","1995","3","Gujarat","Vadodara / Baroda","3.76","3.04","57.64","95.98","153.62","1.69","162.1","192.5"
"125","1996","3","Gujarat","Vadodara / Baroda","4.01","3.22","60.23","100.76","160.99","1.86","170.1","199.4"
"125","1997","3","Gujarat","Vadodara / Baroda","4.2","3.08","64.64","107.59","172.23","1.81","181.3","212.9"
"125","1998","3","Gujarat","Vadodara / Baroda","4.0","3.2","71.0","108.5","179.5","1.4","188.1","222.1"
"125","1999","3","Gujarat","Vadodara / Baroda","3.8","2.7","75.4","112.1","187.5","1.4","195.4","234.4"
"125","2000","3","Gujarat","Vadodara / Baroda","3.0","3.3","82.7","102.9","185.6","1.7","193.6","228.7"
"125","2001","3","Gujarat","Vadodara / Baroda","4.2","3.7","90.7","99.1","189.8","2.1","199.8","235.8"
"125","2002","3","Gujarat","Vadodara / Baroda","3.1","3.5","92.7","108.0","200.7","4.1","211.4","248.3"
"125","2003","3","Gujarat","Vadodara / Baroda","16.0","5.0","87.0","94.0","181.0","11.0","212.9","249.8"
"125","2004","3","Gujarat","Vadodara / Baroda","27.5","5.4","78.2","81.4","159.6","15.7","208.2","243.9"
"125","2005","3","Gujarat","Vadodara / Baroda","27.7","4.6","87.2","80.9","168.1","12.8","213.22","236.38"
"125","2006","3","Gujarat","Vadodara / Baroda","31.6","4.7","114.5","75.3","189.8","11.7","237.77","265.24"
"125","2007","3","Gujarat","Vadodara / Baroda","31.8","4.3","57.3","107.7","165.0","12.1","213.2","274.1"
"125","2008","3","Gujarat","Vadodara / Baroda","35.4","11.7","97.2","40.5","137.7","17.8","202.6","272.6"
"125","2009","3","Gujarat","Vadodara / Baroda","50.5","16.9","104.1","52.3","156.4","13.0","236.8","274.8"
"125","2010","3","Gujarat","Vadodara / Baroda","34.0","15.1","106.6","54.5","161.1","29.3","239.5","294.6"
"125","2011","3","Gujarat","Vadodara / Baroda","61.2","5.1","88.2","49.6","137.8","35.9","239.9","365.0"
"125","2014","3","Gujarat","Vadodara / Baroda","52.8","17.8","96.9","59.5","156.4","33.4","260.4","279.8"
"125","2015","3","Gujarat","Vadodara / Baroda","69.4","12.4","135.4","55.9","191.3","36.5","309.5","338.3"
"125","2016","3","Gujarat","Vadodara / Baroda","87.1","16.0","109.1","57.6","166.7","42.5","312.2","344.4"
"125","2017","3","Gujarat","Vadodara / Baroda","93.2","19.2","116.1","59.0","175.1","39.4","326.9","388.9"
"126","1966","3","Gujarat","Bhavnagar","11.6","0.2","0.0","39.66","39.66","0.0","51.5","51.6"
"126","1967","3","Gujarat","Bhavnagar","10.6","0.0","0.0","44.3","44.3","0.0","54.9","54.9"
"126","1968","3","Gujarat","Bhavnagar","9.4","0.0","0.0","35.5","35.5","0.0","44.9","55.2"
"126","1969","3","Gujarat","Bhavnagar","11.4","1.9","0.0","44.8","44.8","0.0","58.1","64.3"
"126","1970","3","Gujarat","Bhavnagar","15.6","1.0","0.0","51.9","51.9","0.0","68.5","72.0"
"126","1971","3","Gujarat","Bhavnagar","12.4","1.1","0.0","47.2","47.2","0.0","60.7","66.0"
"126","1972","3","Gujarat","Bhavnagar","4.9","2.2","0.0","50.6","50.6","0.0","57.7","61.8"
"126","1973","3","Gujarat","Bhavnagar","14.1","1.6","0.0","43.8","43.8","0.0","59.5","60.8"
"126","1974","3","Gujarat","Bhavnagar","15.3","0.0","0.0","41.6","41.6","0.0","56.9","58.1"
"126","1975","3","Gujarat","Bhavnagar","15.6","1.2","0.0","41.9","41.9","0.0","58.7","60.1"
"126","1976","3","Gujarat","Bhavnagar","15.1","2.1","0.0","47.6","47.6","0.0","64.8","67.4"
"126","1977","3","Gujarat","Bhavnagar","30.5","1.7","0.0","49.8","49.8","0.0","82.0","82.9"
"126","1978","3","Gujarat","Bhavnagar","29.6","3.0","0.0","50.1","50.1","0.0","82.7","85.6"
"126","1979","3","Gujarat","Bhavnagar","34.0","6.0","0.0","75.9","75.9","0.0","115.9","119.3"
"126","1980","3","Gujarat","Bhavnagar","37.1","5.0","0.0","76.5","76.5","0.0","118.6","120.3"
"126","1981","3","Gujarat","Bhavnagar","54.9","4.8","0.0","101.9","101.9","0.0","161.6","163.1"
"126","1982","3","Gujarat","Bhavnagar","55.8","4.9","0.0","120.5","120.5","0.0","181.2","183.0"
"126","1983","3","Gujarat","Bhavnagar","69.7","10.5","0.0","128.7","128.7","0.0","208.9","210.7"
"126","1984","3","Gujarat","Bhavnagar","29.7","5.6","0.0","110.0","110.0","0.0","145.3","146.4"
"126","1985","3","Gujarat","Bhavnagar","13.3","2.8","0.0","99.7","99.7","0.0","115.8","117.2"
"126","1986","3","Gujarat","Bhavnagar","13.6","2.5","0.0","86.9","86.9","0.0","103.0","116.4"
"126","1987","3","Gujarat","Bhavnagar","9.7","4.3","0.0","82.0","82.0","0.0","96.0","107.5"
"126","1988","3","Gujarat","Bhavnagar","20.0","6.0","0.0","130.0","130.0","0.0","156.0","164.6"
"126","1989","3","Gujarat","Bhavnagar","17.9","5.8","0.0","135.2","135.2","0.0","158.9","163.9"
"126","1990","3","Gujarat","Bhavnagar","17.6","4.9","0.0","115.3","115.3","0.0","137.8","140.0"
"126","1991","3","Gujarat","Bhavnagar","24.1","0.4","0.0","109.8","109.8","0.0","134.3","134.3"
"126","1992","3","Gujarat","Bhavnagar","27.6","0.5","0.0","97.0","97.0","0.0","125.1","143.3"
"126","1993","3","Gujarat","Bhavnagar","19.7","0.0","0.0","104.0","104.0","0.0","123.7","132.1"
"126","1994","3","Gujarat","Bhavnagar","29.51","0.0","0.0","104.19","104.19","0.0","133.8","154.0"
"126","1995","3","Gujarat","Bhavnagar","28.75","0.0","0.0","124.41","124.41","0.0","153.2","160.8"
"126","1996","3","Gujarat","Bhavnagar","36.33","0.0","0.0","141.45","141.45","0.0","177.6","184.5"
"126","1997","3","Gujarat","Bhavnagar","22.82","0.0","0.0","143.05","143.05","0.0","165.9","203.4"
"126","1998","3","Gujarat","Bhavnagar","25.3","0.0","0.0","139.8","139.8","0.0","165.1","196.5"
"126","1999","3","Gujarat","Bhavnagar","1.9","0.0","0.0","133.7","133.7","0.0","135.6","149.1"
"126","2000","3","Gujarat","Bhavnagar","0.0","0.0","0.0","107.7","107.7","0.0","107.7","113.4"
"126","2001","3","Gujarat","Bhavnagar","8.0","0.0","0.0","142.9","142.9","0.0","150.9","170.7"
"126","2002","3","Gujarat","Bhavnagar","0.0","0.0","0.0","168.8","168.8","0.0","168.8","196.9"
"126","2003","3","Gujarat","Bhavnagar","10.0","0.0","0.0","188.0","188.0","0.0","197.8","215.8"
"126","2004","3","Gujarat","Bhavnagar","13.5","0.4","0.0","164.8","164.8","0.3","179.0","194.1"
"126","2005","3","Gujarat","Bhavnagar","24.2","2.0","0.6","182.6","183.2","2.1","211.45","264.62"
"126","2006","3","Gujarat","Bhavnagar","28.5","2.0","0.5","201.3","201.8","5.9","238.13","297.4"
"126","2007","3","Gujarat","Bhavnagar","27.9","3.2","0.8","224.6","225.4","5.8","262.3","377.5"
"126","2008","3","Gujarat","Bhavnagar","78.6","33.0","7.4","116.9","124.3","5.1","241.1","346.5"
"126","2009","3","Gujarat","Bhavnagar","55.9","38.3","17.7","114.1","131.8","16.6","242.7","338.8"
"126","2010","3","Gujarat","Bhavnagar","87.9","8.3","16.7","151.5","168.2","0.4","264.7","346.9"
"126","2011","3","Gujarat","Bhavnagar","41.9","18.7","65.8","132.0","197.8","11.9","270.4","278.8"
"126","2014","3","Gujarat","Bhavnagar","60.62","4.32","9.7","129.42","139.12","20.63","224.7","323.21"
"126","2015","3","Gujarat","Bhavnagar","57.57","5.99","3.9","158.67","162.57","6.45","232.57","286.63"
"126","2016","3","Gujarat","Bhavnagar","76.84","6.28","4.16","140.77","144.93","7.85","235.9","300.04"
"126","2017","3","Gujarat","Bhavnagar","61.9","3.95","4.16","151.2","155.36","15.8","237.24","317.22"
"127","1966","3","Gujarat","Valsad","4.8","4.9","0.0","12.91","12.91","1.2","23.8","25.2"
"127","1967","3","Gujarat","Valsad","5.3","5.6","0.0","11.7","11.7","0.3","22.9","24.2"
"127","1968","3","Gujarat","Valsad","5.1","7.4","0.0","12.1","12.1","0.6","25.2","26.5"
"127","1969","3","Gujarat","Valsad","4.8","9.2","0.0","16.6","16.6","0.8","31.4","34.9"
"127","1970","3","Gujarat","Valsad","6.2","11.4","0.0","18.9","18.9","1.4","37.9","40.2"
"127","1971","3","Gujarat","Valsad","5.8","7.9","0.0","23.6","23.6","2.2","39.5","42.2"
"127","1972","3","Gujarat","Valsad","7.4","6.6","0.0","14.3","14.3","1.2","29.5","35.6"
"127","1973","3","Gujarat","Valsad","10.3","5.6","0.0","15.4","15.4","1.2","32.5","40.2"
"127","1974","3","Gujarat","Valsad","15.4","4.0","0.0","10.6","10.6","1.4","31.4","41.1"
"127","1975","3","Gujarat","Valsad","17.0","3.9","0.0","15.0","15.0","0.7","36.6","44.9"
"127","1976","3","Gujarat","Valsad","19.0","3.8","0.0","15.9","15.9","0.7","39.4","47.9"
"127","1977","3","Gujarat","Valsad","20.3","3.3","0.1","16.8","16.9","0.7","41.2","48.9"
"127","1978","3","Gujarat","Valsad","20.9","3.4","0.0","16.5","16.5","0.7","41.4","49.4"
"127","1979","3","Gujarat","Valsad","18.8","3.3","0.0","22.1","22.1","0.7","44.9","53.7"
"127","1980","3","Gujarat","Valsad","18.8","3.3","0.0","21.2","21.2","0.7","44.0","54.6"
"127","1981","3","Gujarat","Valsad","20.2","3.3","0.0","23.3","23.3","0.8","47.6","58.6"
"127","1982","3","Gujarat","Valsad","18.9","3.3","0.0","23.6","23.6","0.7","46.5","60.4"
"127","1983","3","Gujarat","Valsad","19.6","3.4","0.0","26.3","26.3","0.8","50.1","65.6"
"127","1984","3","Gujarat","Valsad","25.4","3.2","0.0","34.4","34.4","0.8","63.8","74.7"
"127","1985","3","Gujarat","Valsad","26.8","3.2","0.0","32.6","32.6","0.9","63.5","74.2"
"127","1986","3","Gujarat","Valsad","31.3","3.2","0.0","34.6","34.6","0.8","69.9","82.9"
"127","1987","3","Gujarat","Valsad","33.7","3.2","0.0","37.0","37.0","0.9","74.8","88.9"
"127","1988","3","Gujarat","Valsad","35.3","3.3","0.0","39.7","39.7","0.7","79.0","93.6"
"127","1989","3","Gujarat","Valsad","38.0","3.2","0.0","42.4","42.4","0.9","84.5","99.7"
"127","1990","3","Gujarat","Valsad","40.1","3.2","0.0","43.7","43.7","0.9","87.9","104.5"
"127","1991","3","Gujarat","Valsad","40.4","3.2","0.0","46.3","46.3","0.0","90.8","107.5"
"127","1992","3","Gujarat","Valsad","43.6","1.7","0.0","52.8","52.8","0.8","98.9","116.1"
"127","1993","3","Gujarat","Valsad","51.6","1.7","0.0","50.8","50.8","0.8","104.9","122.5"
"127","1994","3","Gujarat","Valsad","46.5","1.75","0.0","58.89","58.89","0.78","107.9","125.9"
"127","1995","3","Gujarat","Valsad","50.18","1.76","0.0","65.75","65.75","0.8","118.7","138.1"
"127","1996","3","Gujarat","Valsad","50.68","1.76","0.0","64.03","64.03","0.69","117.1","134.0"
"127","1997","3","Gujarat","Valsad","52.4","1.67","0.0","67.04","67.04","0.81","121.9","140.6"
"127","1998","3","Gujarat","Valsad","55.5","1.7","0.0","71.2","71.2","0.8","129.2","148.5"
"127","1999","3","Gujarat","Valsad","55.6","1.7","0.0","71.4","71.4","0.8","129.5","148.4"
"127","2000","3","Gujarat","Valsad","55.3","1.7","0.0","71.3","71.3","0.8","129.1","147.7"
"127","2001","3","Gujarat","Valsad","55.9","1.7","0.0","72.9","72.9","0.9","131.4","150.9"
"127","2002","3","Gujarat","Valsad","55.5","1.6","0.0","72.4","72.4","0.9","130.4","149.8"
"127","2003","3","Gujarat","Valsad","56.4","1.7","0.0","71.5","71.5","0.7","130.3","151.7"
"127","2004","3","Gujarat","Valsad","57.7","1.7","0.0","73.3","73.3","0.8","133.5","154.1"
"127","2005","3","Gujarat","Valsad","73.5","3.8","0.3","65.2","65.5","13.4","156.23","159.83"
"127","2006","3","Gujarat","Valsad","73.0","1.8","0.8","46.5","47.3","21.9","143.95","159.34"
"127","2007","3","Gujarat","Valsad","74.2","1.4","1.1","41.9","43.0","18.7","137.3","151.4"
"127","2008","3","Gujarat","Valsad","83.8","1.2","9.2","26.2","35.4","22.6","143.2","165.3"
"127","2009","3","Gujarat","Valsad","75.6","5.4","35.7","30.1","65.8","17.5","164.3","173.4"
"127","2010","3","Gujarat","Valsad","79.9","1.7","15.4","32.5","47.9","27.4","157.0","207.7"
"127","2011","3","Gujarat","Valsad","87.9","14.8","0.6","2.0","2.6","26.6","159.4","166.9"
"127","2014","3","Gujarat","Valsad","56.6","18.1","15.6","18.0","33.6","22.6","130.8","148.9"
"127","2015","3","Gujarat","Valsad","66.2","16.3","12.3","17.4","29.7","21.3","133.5","142.4"
"127","2016","3","Gujarat","Valsad","65.4","18.8","11.7","23.0","34.7","28.5","147.6","165.8"
"127","2017","3","Gujarat","Valsad","64.3","13.5","17.1","25.4","42.5","38.7","159.0","212.9"
"128","1966","3","Gujarat","Dangs","0.0","0.0","0.0","0.04","0.04","0.0","0.1","0.1"
"128","1967","3","Gujarat","Dangs","0.0","0.0","0.0","0.1","0.1","0.0","0.1","0.1"
"128","1968","3","Gujarat","Dangs","0.0","0.0","0.0","0.1","0.1","0.0","0.1","0.1"
"128","1969","3","Gujarat","Dangs","0.0","0.0","0.0","0.1","0.1","0.0","0.1","0.1"
"128","1970","3","Gujarat","Dangs","0.0","0.0","0.0","0.0","0.0","0.0","0.1","0.1"
"128","1971","3","Gujarat","Dangs","0.0","0.0","0.0","0.0","0.0","0.0","0.1","0.1"
"128","1972","3","Gujarat","Dangs","0.0","0.0","0.0","0.0","0.0","0.0","0.1","0.1"
"128","1973","3","Gujarat","Dangs","0.0","0.0","0.0","0.0","0.0","0.0","0.1","0.1"
"128","1974","3","Gujarat","Dangs","0.0","0.0","0.0","0.0","0.0","0.0","0.1","0.1"
"128","1975","3","Gujarat","Dangs","0.0","0.0","0.0","0.0","0.0","0.0","0.2","0.2"
"128","1976","3","Gujarat","Dangs","0.0","0.0","0.0","0.0","0.0","0.0","0.1","0.1"
"128","1977","3","Gujarat","Dangs","0.0","0.0","0.0","0.1","0.1","0.0","0.1","0.1"
"128","1978","3","Gujarat","Dangs","0.0","0.0","0.0","0.1","0.1","0.0","0.1","0.1"
"128","1979","3","Gujarat","Dangs","0.0","0.0","0.0","0.2","0.2","0.0","0.2","0.2"
"128","1980","3","Gujarat","Dangs","0.0","0.0","0.0","0.1","0.1","0.0","0.1","0.1"
"128","1981","3","Gujarat","Dangs","0.0","0.0","0.0","0.1","0.1","0.0","0.1","0.1"
"128","1982","3","Gujarat","Dangs","0.0","0.0","0.0","0.1","0.1","0.0","0.1","0.1"
"128","1983","3","Gujarat","Dangs","0.0","0.0","0.0","0.2","0.2","0.0","0.2","0.2"
"128","1984","3","Gujarat","Dangs","0.0","0.0","0.0","0.1","0.1","0.0","0.1","0.1"
"128","1985","3","Gujarat","Dangs","0.0","0.0","0.0","0.4","0.4","0.0","0.4","0.4"
"128","1986","3","Gujarat","Dangs","0.0","0.0","0.0","0.1","0.1","0.0","0.1","0.1"
"128","1987","3","Gujarat","Dangs","0.0","0.0","0.0","0.2","0.2","0.0","0.2","0.2"
"128","1988","3","Gujarat","Dangs","0.0","0.0","0.0","0.1","0.1","0.0","0.1","0.1"
"128","1989","3","Gujarat","Dangs","0.0","0.0","0.0","0.1","0.1","0.0","0.1","0.1"
"128","1990","3","Gujarat","Dangs","0.0","0.0","0.0","0.2","0.2","0.1","0.3","0.3"
"128","1991","3","Gujarat","Dangs","0.0","0.0","0.0","0.1","0.1","0.1","0.1","0.1"
"128","1992","3","Gujarat","Dangs","0.0","0.0","0.0","0.3","0.3","0.0","0.3","0.3"
"128","1993","3","Gujarat","Dangs","0.0","0.0","0.0","0.2","0.2","0.0","0.2","0.2"
"128","1994","3","Gujarat","Dangs","0.0","0.0","0.0","0.3","0.3","0.0","0.3","0.3"
"128","1995","3","Gujarat","Dangs","0.0","0.0","0.0","0.18","0.18","0.0","0.2","0.2"
"128","1996","3","Gujarat","Dangs","0.0","0.0","0.0","0.16","0.16","0.0","0.2","0.2"
"128","1997","3","Gujarat","Dangs","0.0","0.0","0.0","0.44","0.44","0.0","0.44","0.5"
"128","1998","3","Gujarat","Dangs","0.0","0.0","0.0","0.4","0.4","0.0","0.4","0.5"
"128","1999","3","Gujarat","Dangs","0.0","0.0","0.0","0.4","0.4","0.0","0.4","0.5"
"128","2000","3","Gujarat","Dangs","0.0","0.0","0.0","0.4","0.4","0.0","0.4","0.5"
"128","2001","3","Gujarat","Dangs","0.0","0.0","0.0","0.4","0.4","0.0","0.4","0.5"
"128","2002","3","Gujarat","Dangs","0.0","0.0","0.0","0.4","0.4","0.0","0.4","0.5"
"128","2003","3","Gujarat","Dangs","0.0","0.0","0.0","0.0","0.0","0.0","0.4","0.5"
"128","2004","3","Gujarat","Dangs","0.0","0.0","0.0","0.5","0.5","0.0","0.5","0.6"
"128","2005","3","Gujarat","Dangs","0.0","0.0","0.0","1.0","1.0","0.0","1.04","1.1"
"128","2006","3","Gujarat","Dangs","0.0","0.0","0.0","1.4","1.4","0.0","1.44","1.5"
"128","2007","3","Gujarat","Dangs","0.0","0.0","0.0","1.9","1.9","0.0","1.9","1.9"
"128","2008","3","Gujarat","Dangs","0.0","0.0","1.4","0.9","2.3","0.0","2.3","2.4"
"128","2009","3","Gujarat","Dangs","0.0","0.0","0.0","2.7","2.7","0.0","2.7","5.2"
"128","2010","3","Gujarat","Dangs","0.0","0.0","0.0","4.6","4.6","0.0","4.6","4.7"
"128","2011","3","Gujarat","Dangs","0.0","4.5","0.0","0.0","0.0","0.0","4.5","4.7"
"128","2014","3","Gujarat","Dangs","0.0","0.1","0.0","6.0","6.0","1.5","7.6","21.4"
"128","2015","3","Gujarat","Dangs","0.0","0.1","0.0","6.0","6.0","1.5","7.6","21.4"
"128","2016","3","Gujarat","Dangs","0.0","6.3","0.0","0.0","0.0","6.5","12.8","22.6"
"128","2017","3","Gujarat","Dangs","0.0","5.2","0.0","0.0","0.0","7.7","12.9","25.0"
"129","1966","3","Gujarat","Jamnagar","6.3","0.0","0.0","28.17","28.17","0.0","34.4","36.9"
"129","1967","3","Gujarat","Jamnagar","5.7","0.0","0.0","44.9","44.9","0.0","50.6","53.6"
"129","1968","3","Gujarat","Jamnagar","5.9","0.1","0.0","42.5","42.5","0.0","48.5","54.7"
"129","1969","3","Gujarat","Jamnagar","7.8","0.1","0.0","40.8","40.8","0.0","48.7","54.7"
"129","1970","3","Gujarat","Jamnagar","5.5","0.0","0.0","59.3","59.3","0.0","64.8","69.3"
"129","1971","3","Gujarat","Jamnagar","5.5","0.0","0.0","48.3","48.3","0.0","53.8","57.3"
"129","1972","3","Gujarat","Jamnagar","6.8","0.0","0.0","44.6","44.6","0.0","51.4","55.9"
"129","1973","3","Gujarat","Jamnagar","5.4","0.0","0.0","31.8","31.8","0.0","37.2","38.8"
"129","1974","3","Gujarat","Jamnagar","0.9","0.0","0.0","14.5","14.5","0.0","15.4","16.3"
"129","1975","3","Gujarat","Jamnagar","7.6","0.0","0.0","40.4","40.4","0.0","48.0","52.4"
"129","1976","3","Gujarat","Jamnagar","9.3","0.0","0.0","41.7","41.7","0.0","51.0","57.5"
"129","1977","3","Gujarat","Jamnagar","8.5","0.0","0.0","57.6","57.6","0.0","66.1","82.9"
"129","1978","3","Gujarat","Jamnagar","5.3","0.0","0.0","61.8","61.8","0.0","66.3","95.0"
"129","1979","3","Gujarat","Jamnagar","3.4","0.0","0.0","96.8","96.8","0.0","100.2","144.9"
"129","1980","3","Gujarat","Jamnagar","9.1","0.0","0.0","103.6","103.6","0.0","112.7","174.9"
"129","1981","3","Gujarat","Jamnagar","8.8","0.0","0.0","99.6","99.6","0.0","108.4","184.1"
"129","1982","3","Gujarat","Jamnagar","5.7","0.0","0.0","95.2","95.2","0.0","100.9","164.9"
"129","1983","3","Gujarat","Jamnagar","6.3","0.0","0.0","45.8","45.8","0.0","52.1","174.8"
"129","1984","3","Gujarat","Jamnagar","5.0","0.0","0.0","113.5","113.5","0.0","118.5","141.1"
"129","1985","3","Gujarat","Jamnagar","0.6","0.0","0.0","52.0","52.0","0.0","52.6","67.1"
"129","1986","3","Gujarat","Jamnagar","1.2","0.0","0.0","47.4","47.4","0.0","48.6","59.3"
"129","1987","3","Gujarat","Jamnagar","0.0","0.0","0.0","10.9","10.9","0.0","10.9","12.2"
"129","1988","3","Gujarat","Jamnagar","5.3","0.0","0.0","124.5","124.5","0.0","129.8","166.0"
"129","1989","3","Gujarat","Jamnagar","6.2","0.0","0.0","106.4","106.4","0.0","112.6","146.7"
"129","1990","3","Gujarat","Jamnagar","5.0","0.6","0.0","100.9","100.9","0.0","106.5","114.2"
"129","1991","3","Gujarat","Jamnagar","4.1","0.0","0.0","43.2","43.2","0.0","47.3","55.6"
"129","1992","3","Gujarat","Jamnagar","4.0","1.0","0.0","80.0","80.0","0.0","85.0","110.5"
"129","1993","3","Gujarat","Jamnagar","0.6","0.5","0.0","39.6","39.6","0.0","40.7","46.2"
"129","1994","3","Gujarat","Jamnagar","4.61","0.0","0.0","125.43","125.43","0.0","130.0","151.4"
"129","1995","3","Gujarat","Jamnagar","2.9","0.0","0.0","75.9","75.9","0.0","78.8","84.7"
"129","1996","3","Gujarat","Jamnagar","2.72","0.0","0.0","80.16","80.16","0.0","82.9","87.2"
"129","1997","3","Gujarat","Jamnagar","18.36","0.0","0.0","82.8","82.8","0.0","101.1","116.5"
"129","1998","3","Gujarat","Jamnagar","21.3","0.0","0.0","64.2","64.2","0.0","85.5","133.5"
"129","1999","3","Gujarat","Jamnagar","2.1","0.0","0.0","60.8","60.8","0.0","62.9","79.2"
"129","2000","3","Gujarat","Jamnagar","1.8","0.0","0.0","48.1","48.1","0.0","49.9","61.1"
"129","2001","3","Gujarat","Jamnagar","3.7","0.0","0.0","67.8","67.8","0.0","71.5","87.5"
"129","2002","3","Gujarat","Jamnagar","7.3","0.0","0.0","76.0","76.0","0.0","83.3","97.8"
"129","2003","3","Gujarat","Jamnagar","7.0","0.0","0.0","117.0","117.0","0.0","124.2","152.7"
"129","2004","3","Gujarat","Jamnagar","9.0","0.1","0.1","109.3","109.4","0.8","119.3","140.2"
"129","2005","3","Gujarat","Jamnagar","10.6","0.4","6.7","133.8","140.5","0.7","152.23","204.83"
"129","2006","3","Gujarat","Jamnagar","14.2","1.1","10.9","164.3","175.2","0.8","191.41","258.81"
"129","2007","3","Gujarat","Jamnagar","17.8","1.1","13.6","217.6","231.2","14.2","264.3","355.6"
"129","2008","3","Gujarat","Jamnagar","23.4","1.0","17.8","184.0","201.8","2.5","228.7","311.5"
"129","2009","3","Gujarat","Jamnagar","18.7","0.5","30.7","145.8","176.5","37.0","232.7","308.3"
"129","2010","3","Gujarat","Jamnagar","21.6","1.0","20.4","216.5","236.9","6.7","266.2","320.6"
"129","2011","3","Gujarat","Jamnagar","10.5","0.1","47.5","177.2","224.7","1.2","236.6","269.2"
"129","2014","3","Gujarat","Jamnagar","51.62","4.03","44.78","178.97","223.75","50.97","330.37","396.7"
"129","2015","3","Gujarat","Jamnagar","17.61","5.3","49.55","163.52","213.07","46.3","282.09","316.29"
"129","2016","3","Gujarat","Jamnagar","32.05","5.74","45.36","151.88","197.24","58.3","293.23","340.29"
"129","2017","3","Gujarat","Jamnagar","41.24","6.56","71.62","145.62","217.24","24.54","289.67","344.54"
"130","1966","3","Gujarat","Junagadh","2.8","0.0","0.0","75.19","75.19","0.0","78.0","85.8"
"130","1967","3","Gujarat","Junagadh","3.9","0.0","0.0","85.6","85.6","0.0","89.5","98.5"
"130","1968","3","Gujarat","Junagadh","2.6","0.0","0.0","91.2","91.2","0.0","93.8","101.2"
"130","1969","3","Gujarat","Junagadh","2.5","0.0","0.0","84.0","84.0","0.0","86.5","100.5"
"130","1970","3","Gujarat","Junagadh","2.8","0.0","0.0","102.2","102.2","0.0","105.0","118.7"
"130","1971","3","Gujarat","Junagadh","2.3","0.1","0.0","99.1","99.1","0.0","101.5","111.7"
"130","1972","3","Gujarat","Junagadh","1.6","0.0","0.0","81.0","81.0","0.0","82.6","93.0"
"130","1973","3","Gujarat","Junagadh","0.9","0.0","0.0","87.9","87.9","0.0","88.8","96.1"
"130","1974","3","Gujarat","Junagadh","1.6","0.0","0.0","59.3","59.3","0.0","60.9","67.8"
"130","1975","3","Gujarat","Junagadh","3.5","0.0","0.0","67.0","67.0","0.0","70.5","78.2"
"130","1976","3","Gujarat","Junagadh","2.7","0.0","0.0","77.3","77.3","0.0","80.0","87.6"
"130","1977","3","Gujarat","Junagadh","3.3","0.0","0.0","87.0","87.0","0.0","90.3","96.9"
"130","1978","3","Gujarat","Junagadh","4.8","0.0","0.0","89.6","88.6","0.0","95.0","100.9"
"130","1979","3","Gujarat","Junagadh","3.7","0.0","0.0","95.8","95.8","0.0","99.5","110.1"
"130","1980","3","Gujarat","Junagadh","4.3","0.0","0.0","110.7","110.7","0.0","115.0","135.6"
"130","1981","3","Gujarat","Junagadh","4.0","0.0","0.0","115.5","115.5","0.0","119.5","148.8"
"130","1982","3","Gujarat","Junagadh","3.8","0.0","0.0","124.5","124.5","0.0","128.3","154.4"
"130","1983","3","Gujarat","Junagadh","6.1","0.0","0.0","130.3","130.3","0.0","136.4","180.7"
"130","1984","3","Gujarat","Junagadh","3.1","0.0","0.0","130.8","130.8","0.0","133.9","161.9"
"130","1985","3","Gujarat","Junagadh","5.4","0.0","0.0","75.3","75.3","0.0","80.7","103.3"
"130","1986","3","Gujarat","Junagadh","5.3","0.0","0.0","86.9","86.9","0.0","92.2","98.3"
"130","1987","3","Gujarat","Junagadh","0.0","0.0","0.0","49.4","49.4","0.0","49.4","60.3"
"130","1988","3","Gujarat","Junagadh","6.4","0.0","0.0","109.8","109.8","0.0","116.2","133.8"
"130","1989","3","Gujarat","Junagadh","10.7","0.0","0.0","96.0","96.0","0.0","106.7","115.2"
"130","1990","3","Gujarat","Junagadh","7.5","0.0","0.0","102.5","102.5","0.0","110.0","122.3"
"130","1991","3","Gujarat","Junagadh","7.5","0.0","0.0","83.0","83.0","0.0","90.5","99.5"
"130","1992","3","Gujarat","Junagadh","7.5","0.0","0.0","112.2","112.2","0.0","119.7","132.2"
"130","1993","3","Gujarat","Junagadh","7.6","0.0","0.0","88.8","88.8","0.0","96.4","108.8"
"130","1994","3","Gujarat","Junagadh","0.0","7.63","0.0","141.52","141.52","0.0","149.1","165.7"
"130","1995","3","Gujarat","Junagadh","13.32","0.0","0.0","127.29","127.29","0.0","140.6","147.8"
"130","1996","3","Gujarat","Junagadh","13.9","0.0","0.0","132.95","132.95","0.0","146.9","154.7"
"130","1997","3","Gujarat","Junagadh","10.53","0.0","0.0","122.28","122.28","0.0","132.8","139.3"
"130","1998","3","Gujarat","Junagadh","12.2","0.0","0.0","140.2","140.2","0.0","152.4","161.8"
"130","1999","3","Gujarat","Junagadh","0.0","0.0","0.0","131.3","131.3","0.0","131.3","133.2"
"130","2000","3","Gujarat","Junagadh","0.0","0.0","0.0","94.5","94.5","0.0","94.5","124.2"
"130","2001","3","Gujarat","Junagadh","7.9","0.0","0.0","131.0","131.0","0.0","138.9","173.9"
"130","2002","3","Gujarat","Junagadh","2.2","0.0","0.0","106.0","106.0","0.0","108.2","131.8"
"130","2003","3","Gujarat","Junagadh","11.5","0.0","0.0","185.3","185.3","0.0","196.8","241.6"
"130","2004","3","Gujarat","Junagadh","16.3","0.9","0.3","202.3","202.6","1.3","221.1","283.7"
"130","2005","3","Gujarat","Junagadh","19.4","1.0","0.5","255.4","255.9","1.5","277.82","348.06"
"130","2006","3","Gujarat","Junagadh","18.7","0.5","0.5","302.2","302.7","4.4","326.32","445.32"
"130","2007","3","Gujarat","Junagadh","19.5","0.2","0.0","341.5","341.5","4.2","365.4","494.4"
"130","2008","3","Gujarat","Junagadh","7.7","0.1","17.8","188.0","205.8","41.9","255.5","489.1"
"130","2009","3","Gujarat","Junagadh","19.3","2.4","25.6","169.3","194.9","29.8","246.2","391.8"
"130","2010","3","Gujarat","Junagadh","46.6","1.9","0.0","299.0","299.0","42.8","390.4","507.6"
"130","2011","3","Gujarat","Junagadh","2.1","1.9","14.8","315.1","329.9","58.2","392.2","496.9"
"130","2014","3","Gujarat","Junagadh","8.4","0.1","28.0","197.4","225.4","42.8","276.7","484.5"
"130","2015","3","Gujarat","Junagadh","1.4","0.8","21.6","200.5","222.1","83.2","307.5","439.1"
"130","2016","3","Gujarat","Junagadh","1.4","2.0","79.3","177.7","257.0","65.2","325.7","462.7"
"130","2017","3","Gujarat","Junagadh","11.6","2.1","12.6","223.9","236.5","69.4","319.7","478.8"
"131","1966","3","Gujarat","Kheda","24.7","3.9","0.0","72.6","72.6","2.1","103.3","107.5"
"131","1967","3","Gujarat","Kheda","42.8","4.2","2.6","61.2","63.8","1.0","111.8","115.2"
"131","1968","3","Gujarat","Kheda","48.6","1.7","3.4","61.7","65.1","0.4","115.8","121.3"
"131","1969","3","Gujarat","Kheda","56.5","2.1","5.8","58.7","64.5","0.3","123.4","129.9"
"131","1970","3","Gujarat","Kheda","55.3","6.2","6.5","59.3","65.8","1.8","129.1","150.6"
"131","1971","3","Gujarat","Kheda","60.6","5.9","5.7","75.5","81.2","1.5","149.2","174.4"
"131","1972","3","Gujarat","Kheda","58.2","3.7","7.9","76.5","84.4","0.9","147.2","179.5"
"131","1973","3","Gujarat","Kheda","52.9","2.4","11.0","81.0","92.0","0.3","147.6","182.9"
"131","1974","3","Gujarat","Kheda","53.4","2.2","12.6","96.4","109.0","0.2","164.8","199.7"
"131","1975","3","Gujarat","Kheda","60.2","2.9","11.7","93.9","105.6","0.1","168.8","204.7"
"131","1976","3","Gujarat","Kheda","61.0","3.3","12.2","100.0","112.2","0.1","176.6","215.7"
"131","1977","3","Gujarat","Kheda","60.2","3.4","12.7","109.6","122.3","0.2","186.1","229.1"
"131","1978","3","Gujarat","Kheda","68.6","3.7","14.4","105.8","120.2","0.2","193.5","237.2"
"131","1979","3","Gujarat","Kheda","61.3","3.8","15.3","113.1","128.4","0.2","193.7","243.4"
"131","1980","3","Gujarat","Kheda","67.3","3.8","19.1","113.8","132.9","0.2","204.2","255.3"
"131","1981","3","Gujarat","Kheda","86.0","3.8","19.2","106.7","125.9","0.6","216.3","288.8"
"131","1982","3","Gujarat","Kheda","97.5","3.9","24.3","102.9","127.2","0.7","229.3","307.3"
"131","1983","3","Gujarat","Kheda","96.5","3.8","23.2","109.0","132.2","0.0","232.5","313.8"
"131","1984","3","Gujarat","Kheda","106.1","3.7","23.2","111.0","134.2","0.4","244.4","311.6"
"131","1985","3","Gujarat","Kheda","88.1","2.6","22.1","97.5","119.6","0.1","210.4","280.4"
"131","1986","3","Gujarat","Kheda","95.8","3.8","28.9","99.4","128.3","0.1","228.0","287.6"
"131","1987","3","Gujarat","Kheda","93.1","3.3","27.7","104.1","131.8","0.2","228.4","293.5"
"131","1988","3","Gujarat","Kheda","107.9","4.0","30.0","111.8","141.8","0.0","253.7","311.8"
"131","1989","3","Gujarat","Kheda","106.7","4.2","30.6","109.0","139.6","0.0","250.5","325.3"
"131","1990","3","Gujarat","Kheda","105.1","4.5","32.1","112.5","144.6","0.0","254.2","326.1"
"131","1991","3","Gujarat","Kheda","108.4","4.7","36.8","122.5","159.3","0.0","272.4","352.2"
"131","1992","3","Gujarat","Kheda","110.8","4.9","40.5","110.8","151.3","0.0","267.0","353.3"
"131","1993","3","Gujarat","Kheda","111.5","5.7","44.3","111.8","156.1","0.0","273.3","370.5"
"131","1994","3","Gujarat","Kheda","115.22","5.82","46.52","127.03","173.54","0.0","295.1","394.3"
"131","1995","3","Gujarat","Kheda","152.94","6.07","42.84","105.97","148.8","0.0","307.8","412.9"
"131","1996","3","Gujarat","Kheda","138.71","6.44","43.76","118.79","162.54","0.0","307.7","412.9"
"131","1997","3","Gujarat","Kheda","146.34","6.61","43.62","123.38","167.0","0.0","321.0","424.2"
"131","1998","3","Gujarat","Kheda","141.0","6.4","43.1","117.8","160.9","0.0","308.3","404.8"
"131","1999","3","Gujarat","Kheda","144.2","5.9","46.9","125.9","172.8","0.0","322.9","421.6"
"131","2000","3","Gujarat","Kheda","49.2","5.2","70.0","136.5","206.5","0.0","260.9","324.1"
"131","2001","3","Gujarat","Kheda","69.7","4.4","75.5","120.8","196.3","0.0","270.4","333.0"
"131","2002","3","Gujarat","Kheda","77.9","2.8","88.6","126.4","215.0","0.0","295.7","370.6"
"131","2003","3","Gujarat","Kheda","129.3","5.5","107.0","138.2","245.2","0.0","380.0","487.0"
"131","2004","3","Gujarat","Kheda","135.0","7.3","125.4","129.6","255.0","2.1","399.4","541.0"
"131","2005","3","Gujarat","Kheda","175.3","9.0","108.5","113.0","221.5","9.1","414.91","534.65"
"131","2006","3","Gujarat","Kheda","163.2","7.4","105.9","109.7","215.6","7.9","394.14","524.97"
"131","2007","3","Gujarat","Kheda","135.5","7.9","104.2","110.6","214.8","18.1","376.3","546.8"
"131","2008","3","Gujarat","Kheda","144.8","30.8","97.0","59.7","156.7","20.1","352.4","548.3"
"131","2009","3","Gujarat","Kheda","130.1","12.5","153.8","110.4","264.2","17.0","423.9","598.2"
"131","2010","3","Gujarat","Kheda","129.6","21.2","129.8","104.6","234.4","34.5","419.6","604.8"
"131","2011","3","Gujarat","Kheda","177.3","26.0","124.8","75.8","200.6","28.3","432.2","617.2"
"131","2014","3","Gujarat","Kheda","138.2","28.19","115.86","69.66","185.52","60.23","412.14","722.44"
"131","2015","3","Gujarat","Kheda","154.59","24.97","133.43","74.8","208.23","22.29","409.87","737.55"
"131","2016","3","Gujarat","Kheda","159.33","28.23","120.96","75.26","196.22","32.09","416.11","746.55"
"131","2017","3","Gujarat","Kheda","157.15","25.51","119.26","68.17","187.42","28.47","398.55","750.79"
"132","1966","3","Gujarat","Kutch","4.6","1.0","0.0","29.34","29.34","0.2","35.1","42.0"
"132","1967","3","Gujarat","Kutch","9.5","0.0","0.0","32.5","32.5","0.1","42.1","52.2"
"132","1968","3","Gujarat","Kutch","6.0","0.0","0.3","48.3","48.6","0.3","54.7","65.5"
"132","1969","3","Gujarat","Kutch","4.9","0.0","0.5","47.7","48.2","0.2","53.3","61.8"
"132","1970","3","Gujarat","Kutch","8.2","0.0","1.0","40.6","41.6","0.0","49.8","65.9"
"132","1971","3","Gujarat","Kutch","8.5","0.0","0.9","46.8","47.7","0.0","56.2","64.5"
"132","1972","3","Gujarat","Kutch","3.2","0.0","1.4","50.3","51.7","0.0","54.9","70.8"
"132","1973","3","Gujarat","Kutch","3.2","0.0","1.5","56.5","58.0","0.0","61.2","72.0"
"132","1974","3","Gujarat","Kutch","1.2","0.0","1.0","50.2","51.2","0.0","52.4","62.8"
"132","1975","3","Gujarat","Kutch","8.2","0.0","2.5","44.4","46.9","0.0","55.1","66.7"
"132","1976","3","Gujarat","Kutch","14.7","0.0","2.4","38.8","41.2","0.0","55.9","67.3"
"132","1977","3","Gujarat","Kutch","11.3","0.0","0.9","42.8","43.7","0.0","55.0","67.3"
"132","1978","3","Gujarat","Kutch","9.8","0.0","0.8","41.3","42.1","0.0","51.8","64.7"
"132","1979","3","Gujarat","Kutch","12.5","0.0","1.0","40.6","41.6","0.0","54.1","71.8"
"132","1980","3","Gujarat","Kutch","14.5","0.0","1.2","41.2","42.4","0.0","56.9","71.6"
"132","1981","3","Gujarat","Kutch","15.0","0.0","1.8","30.6","32.4","0.0","47.4","73.6"
"132","1982","3","Gujarat","Kutch","17.1","0.0","0.8","35.4","36.2","0.0","53.3","82.7"
"132","1983","3","Gujarat","Kutch","17.5","0.0","1.9","34.2","36.1","0.0","53.6","81.4"
"132","1984","3","Gujarat","Kutch","9.5","0.0","0.6","46.4","47.0","0.0","56.5","84.7"
"132","1985","3","Gujarat","Kutch","8.3","0.0","0.9","41.9","42.8","0.0","51.1","74.8"
"132","1986","3","Gujarat","Kutch","0.5","0.0","0.9","50.9","51.8","0.0","52.3","75.7"
"132","1987","3","Gujarat","Kutch","0.0","0.0","1.0","46.8","47.8","0.0","47.8","70.6"
"132","1988","3","Gujarat","Kutch","12.7","0.0","2.1","69.9","72.0","0.0","84.7","113.2"
"132","1989","3","Gujarat","Kutch","10.4","0.0","2.3","61.3","63.6","0.0","74.0","96.9"
"132","1990","3","Gujarat","Kutch","9.3","0.0","4.4","38.4","42.8","0.0","52.1","98.5"
"132","1991","3","Gujarat","Kutch","0.4","0.0","1.9","56.0","57.9","0.0","58.3","102.2"
"132","1992","3","Gujarat","Kutch","12.1","0.0","1.4","67.9","69.3","0.0","81.4","141.1"
"132","1993","3","Gujarat","Kutch","6.8","0.0","3.0","79.2","82.2","0.0","89.0","123.3"
"132","1994","3","Gujarat","Kutch","21.13","0.0","0.8","88.72","89.52","0.0","110.7","136.8"
"132","1995","3","Gujarat","Kutch","4.91","0.0","0.0","105.14","105.14","0.0","110.9","142.2"
"132","1996","3","Gujarat","Kutch","1.31","0.0","1.62","104.79","106.41","0.0","108.3","136.8"
"132","1997","3","Gujarat","Kutch","9.94","0.0","0.94","102.8","103.74","0.0","114.4","148.0"
"132","1998","3","Gujarat","Kutch","5.4","0.0","1.9","118.5","120.4","1.9","127.7","167.5"
"132","1999","3","Gujarat","Kutch","9.7","0.0","2.3","114.3","116.6","5.0","131.3","187.0"
"132","2000","3","Gujarat","Kutch","13.3","0.0","2.2","126.5","128.7","0.0","142.0","176.9"
"132","2001","3","Gujarat","Kutch","8.3","0.0","4.4","158.7","163.1","0.0","171.4","198.9"
"132","2002","3","Gujarat","Kutch","0.3","0.0","0.0","180.5","180.5","0.0","180.8","199.5"
"132","2003","3","Gujarat","Kutch","25.0","0.0","0.0","154.0","154.0","0.0","178.1","222.3"
"132","2004","3","Gujarat","Kutch","22.1","0.0","1.3","115.3","116.6","0.0","138.7","160.4"
"132","2005","3","Gujarat","Kutch","23.6","0.3","4.0","114.9","118.9","0.3","143.08","163.48"
"132","2006","3","Gujarat","Kutch","21.3","0.3","6.3","135.9","142.2","0.4","164.23","209.28"
"132","2007","3","Gujarat","Kutch","21.5","0.3","6.4","135.9","142.3","0.4","164.5","195.5"
"132","2008","3","Gujarat","Kutch","29.2","0.3","111.1","49.4","160.5","0.7","190.8","256.8"
"132","2009","3","Gujarat","Kutch","28.9","0.3","161.6","34.9","196.5","0.7","226.4","270.0"
"132","2010","3","Gujarat","Kutch","32.8","0.5","69.4","85.0","154.4","2.6","190.3","235.0"
"132","2011","3","Gujarat","Kutch","35.0","4.7","127.7","13.1","140.8","5.9","186.4","371.6"
"132","2014","3","Gujarat","Kutch","16.4","21.6","122.8","17.5","140.3","1.2","179.6","258.4"
"132","2015","3","Gujarat","Kutch","41.1","15.7","108.9","17.1","126.0","7.0","189.8","271.9"
"132","2016","3","Gujarat","Kutch","27.1","15.1","116.7","8.8","125.5","22.2","189.9","272.5"
"132","2017","3","Gujarat","Kutch","38.1","12.6","93.5","35.3","128.8","11.3","190.8","276.2"
"133","1966","3","Gujarat","Mehsana","3.4","1.9","0.0","168.36","168.36","0.8","174.4","176.8"
"133","1967","3","Gujarat","Mehsana","6.0","1.0","33.54","132.14","165.68","0.6","173.2","179.1"
"133","1968","3","Gujarat","Mehsana","4.8","1.0","39.04","138.14","177.18","0.7","183.6","191.1"
"133","1969","3","Gujarat","Mehsana","2.8","0.4","53.79","130.23","184.02","0.0","187.1","196.3"
"133","1970","3","Gujarat","Mehsana","5.4","1.1","64.92","134.09","199.01","0.0","205.4","212.6"
"133","1971","3","Gujarat","Mehsana","5.3","1.0","68.89","127.83","196.72","0.0","202.9","212.5"
"133","1972","3","Gujarat","Mehsana","5.3","0.8","84.14","114.18","198.32","0.0","204.3","244.5"
"133","1973","3","Gujarat","Mehsana","5.4","1.1","86.56","134.91","221.47","0.0","227.9","267.5"
"133","1974","3","Gujarat","Mehsana","5.4","0.5","110.98","144.38","255.36","0.0","261.1","307.7"
"133","1975","3","Gujarat","Mehsana","5.5","0.5","119.66","148.51","268.17","0.0","274.0","323.0"
"133","1976","3","Gujarat","Mehsana","5.6","7.1","124.41","142.97","267.38","0.0","279.9","332.8"
"133","1977","3","Gujarat","Mehsana","5.6","7.1","140.82","130.83","271.65","0.0","284.2","338.7"
"133","1978","3","Gujarat","Mehsana","5.7","9.4","155.62","126.73","282.35","0.0","296.7","346.4"
"133","1979","3","Gujarat","Mehsana","5.5","6.9","158.41","124.94","283.35","0.0","295.7","351.2"
"133","1980","3","Gujarat","Mehsana","5.7","5.1","164.07","121.69","285.76","0.0","296.6","356.7"
"133","1981","3","Gujarat","Mehsana","7.1","6.2","181.92","111.99","293.91","0.0","307.2","368.9"
"133","1982","3","Gujarat","Mehsana","9.8","7.2","187.76","110.55","298.31","0.0","315.3","380.5"
"133","1983","3","Gujarat","Mehsana","7.4","0.8","188.41","89.19","277.6","0.0","285.8","391.9"
"133","1984","3","Gujarat","Mehsana","16.4","0.6","188.64","88.78","277.42","0.0","294.4","416.2"
"133","1985","3","Gujarat","Mehsana","10.4","5.8","192.66","100.89","293.55","0.0","309.7","425.5"
"133","1986","3","Gujarat","Mehsana","5.9","0.3","193.16","77.77","270.93","0.0","277.1","397.5"
"133","1987","3","Gujarat","Mehsana","4.8","0.2","198.25","63.52","261.77","0.0","266.8","388.4"
"133","1988","3","Gujarat","Mehsana","25.2","0.3","229.05","51.15","280.2","0.0","305.7","425.8"
"133","1989","3","Gujarat","Mehsana","17.5","0.6","246.33","48.12","294.45","0.0","312.5","441.7"
"133","1990","3","Gujarat","Mehsana","21.4","0.5","244.99","44.82","289.81","0.0","311.71","443.9"
"133","1991","3","Gujarat","Mehsana","28.9","0.4","260.81","42.4","303.21","0.0","332.51","463.89"
"133","1992","3","Gujarat","Mehsana","31.9","0.5","270.38","65.19","335.57","0.0","367.97","506.33"
"133","1993","3","Gujarat","Mehsana","31.2","0.6","273.15","66.86","340.01","0.0","371.81","485.84"
"133","1994","3","Gujarat","Mehsana","33.54","0.0","301.45","62.96","364.42","0.0","397.94","518.04"
"133","1995","3","Gujarat","Mehsana","21.51","0.4","322.9","64.43","387.33","0.0","409.21","522.79"
"133","1996","3","Gujarat","Mehsana","11.97","0.27","328.24","68.2","396.43","0.0","408.73","520.91"
"133","1997","3","Gujarat","Mehsana","25.95","0.51","321.9","55.87","377.78","0.0","404.23","520.16"
"133","1998","3","Gujarat","Mehsana","12.1","0.0","341.84","46.3","388.14","0.0","400.24","511.92"
"133","1999","3","Gujarat","Mehsana","0.0","0.7","325.34","47.1","372.44","0.0","373.14","474.39"
"133","2000","3","Gujarat","Mehsana","0.0","0.5","336.95","33.14","370.09","0.0","370.59","465.47"
"133","2001","3","Gujarat","Mehsana","0.0","0.2","338.95","29.04","368.0","0.0","368.19","463.44"
"133","2002","3","Gujarat","Mehsana","0.0","0.2","321.92","25.82","347.73","0.0","347.93","448.5"
"133","2003","3","Gujarat","Mehsana","11.3","0.3","304.47","26.3","330.77","0.4","342.77","415.31"
"133","2004","3","Gujarat","Mehsana","15.94","1.14","278.09","30.63","308.72","3.42","329.22","413.16"
"133","2005","3","Gujarat","Mehsana","24.7","2.81","302.83","43.47","346.3","2.66","376.49","464.08"
"133","2006","3","Gujarat","Mehsana","31.33","2.65","296.11","34.73","330.84","27.35","392.04","484.9"
"133","2007","3","Gujarat","Mehsana","31.23","2.39","321.91","38.29","360.2","17.35","411.15","495.43"
"133","2008","3","Gujarat","Mehsana","20.05","1.68","179.57","25.98","205.55","12.5","239.89","525.01"
"133","2009","3","Gujarat","Mehsana","30.85","1.8","325.76","37.36","363.13","14.34","409.88","548.62"
"133","2010","3","Gujarat","Mehsana","24.4","1.98","283.33","56.57","339.9","24.27","390.46","556.5"
"133","2011","3","Gujarat","Mehsana","18.05","2.4","330.08","27.98","358.06","27.24","405.76","626.76"
"133","2014","3","Gujarat","Mehsana","56.43","9.3","333.66","9.58","343.16","25.3","434.28","672.56"
"133","2015","3","Gujarat","Mehsana","89.15","6.5","426.08","8.5","434.58","25.6","555.74","721.61"
"133","2016","3","Gujarat","Mehsana","115.27","11.4","392.33","9.1","401.43","32.5","560.6","733.16"
"133","2017","3","Gujarat","Mehsana","92.89","6.4","386.27","18.0","404.27","40.48","544.14","736.4"
"134","1966","3","Gujarat","Panchmahal","1.9","2.6","0.0","7.37","7.37","0.0","11.9","12.0"
"134","1967","3","Gujarat","Panchmahal","4.1","2.8","0.0","9.7","9.7","0.0","16.6","16.6"
"134","1968","3","Gujarat","Panchmahal","3.6","1.6","0.0","10.8","10.8","0.2","16.2","16.2"
"134","1969","3","Gujarat","Panchmahal","4.4","2.6","0.0","13.1","13.1","0.4","20.5","20.6"
"134","1970","3","Gujarat","Panchmahal","7.9","2.0","0.0","15.4","15.4","0.6","25.9","26.6"
"134","1971","3","Gujarat","Panchmahal","6.2","4.3","0.0","17.7","17.7","0.9","29.1","30.7"
"134","1972","3","Gujarat","Panchmahal","6.1","3.5","0.0","13.3","13.3","0.5","23.4","24.1"
"134","1973","3","Gujarat","Panchmahal","4.2","3.4","0.0","17.2","17.2","0.6","25.4","27.8"
"134","1974","3","Gujarat","Panchmahal","4.2","3.3","0.0","18.2","18.2","0.7","26.4","28.1"
"134","1975","3","Gujarat","Panchmahal","4.7","3.3","0.0","20.1","20.1","0.6","28.7","31.2"
"134","1976","3","Gujarat","Panchmahal","3.8","3.8","0.0","21.8","21.8","0.7","31.1","33.2"
"134","1977","3","Gujarat","Panchmahal","7.1","4.7","0.0","15.2","15.2","0.9","27.9","29.8"
"134","1978","3","Gujarat","Panchmahal","12.7","5.0","0.0","17.7","17.7","1.3","35.9","38.1"
"134","1979","3","Gujarat","Panchmahal","13.3","4.8","0.0","19.3","19.3","1.5","38.9","41.1"
"134","1980","3","Gujarat","Panchmahal","13.1","5.2","0.0","21.9","21.9","1.0","41.2","44.7"
"134","1981","3","Gujarat","Panchmahal","17.3","5.5","0.0","22.5","22.5","0.8","46.1","51.4"
"134","1982","3","Gujarat","Panchmahal","20.2","5.4","0.0","29.9","29.9","1.2","56.7","62.0"
"134","1983","3","Gujarat","Panchmahal","21.6","5.7","0.0","32.0","32.0","1.0","60.3","66.9"
"134","1984","3","Gujarat","Panchmahal","21.5","6.5","0.0","33.1","33.1","0.8","61.9","71.0"
"134","1985","3","Gujarat","Panchmahal","20.5","4.1","0.0","28.8","28.8","0.8","54.2","59.1"
"134","1986","3","Gujarat","Panchmahal","12.4","1.9","0.1","25.2","25.3","0.0","39.6","46.5"
"134","1987","3","Gujarat","Panchmahal","16.1","3.3","0.1","32.9","33.0","0.0","52.4","60.2"
"134","1988","3","Gujarat","Panchmahal","17.9","9.5","5.6","27.1","32.7","0.3","60.4","73.5"
"134","1989","3","Gujarat","Panchmahal","19.4","6.2","6.5","23.7","30.2","0.9","56.7","79.0"
"134","1990","3","Gujarat","Panchmahal","26.6","6.9","1.2","30.2","31.4","0.0","64.9","101.6"
"134","1991","3","Gujarat","Panchmahal","26.1","7.3","1.2","24.0","25.2","0.0","58.6","115.6"
"134","1992","3","Gujarat","Panchmahal","28.9","6.4","1.3","27.1","28.4","0.0","63.7","112.2"
"134","1993","3","Gujarat","Panchmahal","26.5","9.0","1.3","34.6","35.9","5.3","76.7","124.9"
"134","1994","3","Gujarat","Panchmahal","25.15","7.65","1.19","40.76","41.95","6.0","80.9","131.9"
"134","1995","3","Gujarat","Panchmahal","30.19","5.28","0.95","44.01","44.96","4.0","84.8","131.8"
"134","1996","3","Gujarat","Panchmahal","36.0","6.71","1.38","51.45","52.83","7.0","103.2","152.1"
"134","1997","3","Gujarat","Panchmahal","36.42","6.97","0.73","56.16","56.89","10.0","110.5","162.5"
"134","1998","3","Gujarat","Panchmahal","39.3","4.7","0.7","58.0","58.7","18.0","120.7","171.4"
"134","1999","3","Gujarat","Panchmahal","21.7","1.4","0.8","34.6","35.4","7.9","66.4","105.2"
"134","2000","3","Gujarat","Panchmahal","6.0","2.3","0.9","22.9","23.8","4.3","36.4","47.8"
"134","2001","3","Gujarat","Panchmahal","1.0","0.6","0.9","32.0","32.9","3.7","38.2","48.8"
"134","2002","3","Gujarat","Panchmahal","7.7","2.4","2.3","38.9","41.2","2.9","54.2","72.6"
"134","2003","3","Gujarat","Panchmahal","18.3","5.3","2.3","70.5","72.8","5.5","101.9","126.4"
"134","2004","3","Gujarat","Panchmahal","19.6","6.0","2.7","84.0","86.7","8.3","120.6","150.3"
"134","2005","3","Gujarat","Panchmahal","21.1","7.6","3.6","74.1","77.7","9.2","115.56","140.21"
"134","2006","3","Gujarat","Panchmahal","21.9","7.4","3.6","74.0","77.6","8.5","115.31","142.48"
"134","2007","3","Gujarat","Panchmahal","20.8","12.8","6.7","83.6","90.3","8.3","132.2","208.8"
"134","2008","3","Gujarat","Panchmahal","18.5","8.4","1.7","30.7","32.4","7.0","66.2","130.9"
"134","2009","3","Gujarat","Panchmahal","27.2","11.3","3.1","28.6","31.7","15.3","85.4","133.3"
"134","2010","3","Gujarat","Panchmahal","31.5","17.2","4.4","61.3","65.7","12.2","126.5","177.9"
"134","2011","3","Gujarat","Panchmahal","29.5","7.5","4.4","65.1","69.5","12.1","118.8","212.2"
"134","2014","3","Gujarat","Panchmahal","11.3","9.71","24.84","77.54","102.38","15.67","139.16","256.96"
"134","2015","3","Gujarat","Panchmahal","44.01","23.13","4.57","41.3","45.87","12.81","125.83","258.45"
"134","2016","3","Gujarat","Panchmahal","52.47","22.08","11.04","35.74","46.78","12.72","134.09","273.66"
"134","2017","3","Gujarat","Panchmahal","58.85","20.99","13.24","31.23","44.48","8.43","132.65","266.41"
"135","1966","3","Gujarat","Rajkot","20.7","2.5","0.0","43.71","43.71","0.0","66.9","66.9"
"135","1967","3","Gujarat","Rajkot","25.0","3.0","0.0","53.2","53.2","0.2","81.4","86.3"
"135","1968","3","Gujarat","Rajkot","26.1","2.4","0.0","50.7","50.7","0.1","79.3","90.5"
"135","1969","3","Gujarat","Rajkot","22.9","1.4","0.0","53.7","53.7","0.1","78.1","89.1"
"135","1970","3","Gujarat","Rajkot","25.9","2.3","0.0","77.9","77.9","0.1","106.2","113.9"
"135","1971","3","Gujarat","Rajkot","24.1","1.8","0.0","84.4","84.4","0.1","110.4","121.4"
"135","1972","3","Gujarat","Rajkot","11.4","0.2","0.0","81.1","81.1","0.0","92.7","97.4"
"135","1973","3","Gujarat","Rajkot","18.4","0.1","0.0","70.4","70.4","0.0","88.9","91.5"
"135","1974","3","Gujarat","Rajkot","17.1","1.6","0.0","41.2","41.2","0.4","60.6","61.9"
"135","1975","3","Gujarat","Rajkot","26.5","2.2","0.0","72.9","72.9","0.8","102.4","107.3"
"135","1976","3","Gujarat","Rajkot","28.4","2.2","0.0","65.7","65.7","0.8","97.1","103.7"
"135","1977","3","Gujarat","Rajkot","32.3","2.5","0.0","86.1","86.1","0.6","121.5","125.9"
"135","1978","3","Gujarat","Rajkot","25.6","2.4","0.0","97.1","98.1","0.9","125.4","135.4"
"135","1979","3","Gujarat","Rajkot","24.0","4.9","0.0","121.2","121.2","1.2","151.3","163.2"
"135","1980","3","Gujarat","Rajkot","23.1","7.7","0.0","118.3","118.3","1.3","150.4","170.4"
"135","1981","3","Gujarat","Rajkot","24.7","6.7","0.0","146.0","146.0","0.0","177.4","195.6"
"135","1982","3","Gujarat","Rajkot","23.3","5.9","0.0","139.7","139.7","0.0","168.9","185.9"
"135","1983","3","Gujarat","Rajkot","28.2","5.0","0.0","175.6","175.6","0.0","208.8","227.6"
"135","1984","3","Gujarat","Rajkot","20.3","0.0","0.0","172.1","172.1","0.0","192.4","212.0"
"135","1985","3","Gujarat","Rajkot","0.0","0.0","0.0","114.0","114.0","0.0","114.0","121.7"
"135","1986","3","Gujarat","Rajkot","0.0","0.0","0.0","93.8","93.8","0.0","93.8","96.6"
"135","1987","3","Gujarat","Rajkot","0.0","0.0","0.0","49.7","49.7","0.0","49.7","51.5"
"135","1988","3","Gujarat","Rajkot","34.8","0.0","0.0","204.7","204.7","0.0","239.5","247.6"
"135","1989","3","Gujarat","Rajkot","34.5","0.0","0.0","158.5","158.5","0.0","193.0","204.5"
"135","1990","3","Gujarat","Rajkot","13.4","0.0","0.0","151.6","151.6","0.0","165.0","170.6"
"135","1991","3","Gujarat","Rajkot","9.7","0.0","0.0","114.5","114.5","0.0","124.2","128.6"
"135","1992","3","Gujarat","Rajkot","28.3","0.0","0.0","186.5","186.5","0.0","214.8","224.4"
"135","1993","3","Gujarat","Rajkot","5.6","0.0","0.0","104.4","104.4","0.0","110.0","114.3"
"135","1994","3","Gujarat","Rajkot","30.14","6.71","0.0","220.15","220.15","0.0","257.0","280.5"
"135","1995","3","Gujarat","Rajkot","2.21","15.48","0.0","142.28","142.28","0.0","160.0","171.9"
"135","1996","3","Gujarat","Rajkot","47.33","3.55","0.0","144.53","144.53","0.0","195.4","210.5"
"135","1997","3","Gujarat","Rajkot","50.65","1.76","0.0","101.82","101.82","0.0","154.3","215.8"
"135","1998","3","Gujarat","Rajkot","39.8","1.1","0.0","107.6","107.6","0.0","148.5","211.5"
"135","1999","3","Gujarat","Rajkot","10.3","0.0","0.0","133.1","133.1","0.0","143.4","173.3"
"135","2000","3","Gujarat","Rajkot","0.0","0.0","0.0","161.8","161.8","0.0","161.8","173.1"
"135","2001","3","Gujarat","Rajkot","0.0","0.0","0.0","183.2","183.2","0.0","183.2","198.4"
"135","2002","3","Gujarat","Rajkot","0.0","0.0","0.0","173.0","173.0","0.0","173.0","194.6"
"135","2003","3","Gujarat","Rajkot","22.0","2.0","0.0","188.0","188.0","0.0","211.0","262.6"
"135","2004","3","Gujarat","Rajkot","28.7","2.1","2.3","214.5","216.8","4.1","251.7","276.4"
"135","2005","3","Gujarat","Rajkot","32.0","1.7","5.9","238.1","244.0","5.1","282.76","354.47"
"135","2006","3","Gujarat","Rajkot","34.7","1.5","11.0","251.3","262.3","4.4","302.92","400.8"
"135","2007","3","Gujarat","Rajkot","37.6","1.5","13.8","272.7","286.5","4.1","329.7","429.3"
"135","2008","3","Gujarat","Rajkot","29.2","2.0","42.4","192.9","235.3","10.9","277.5","419.2"
"135","2009","3","Gujarat","Rajkot","28.5","1.9","69.1","228.7","297.8","9.8","338.0","447.8"
"135","2010","3","Gujarat","Rajkot","34.3","9.2","20.2","263.8","284.0","6.9","334.3","459.7"
"135","2011","3","Gujarat","Rajkot","29.8","5.7","18.6","257.0","275.6","12.3","323.4","414.8"
"135","2014","3","Gujarat","Rajkot","37.9","20.22","20.33","172.72","193.05","16.33","267.51","348.48"
"135","2015","3","Gujarat","Rajkot","82.79","20.61","70.95","142.83","213.79","26.86","344.12","442.23"
"135","2016","3","Gujarat","Rajkot","74.89","25.43","93.62","125.1","218.73","26.66","345.71","448.79"
"135","2017","3","Gujarat","Rajkot","78.29","40.61","114.29","104.65","218.94","34.84","372.62","518.48"
"136","1966","3","Gujarat","Sabarkantha","2.7","0.4","0.0","58.11","58.11","0.0","61.2","61.2"
"136","1967","3","Gujarat","Sabarkantha","1.4","0.4","0.2","55.0","55.2","0.3","57.3","58.3"
"136","1968","3","Gujarat","Sabarkantha","2.8","0.4","0.0","59.2","59.2","0.1","62.5","63.4"
"136","1969","3","Gujarat","Sabarkantha","5.9","0.3","2.0","50.5","52.5","0.0","58.7","59.8"
"136","1970","3","Gujarat","Sabarkantha","4.8","0.5","0.3","64.7","65.0","0.3","70.6","72.7"
"136","1971","3","Gujarat","Sabarkantha","7.1","0.6","0.3","58.7","59.0","0.6","67.3","72.2"
"136","1972","3","Gujarat","Sabarkantha","3.5","0.2","0.4","69.2","69.6","0.0","73.3","77.8"
"136","1973","3","Gujarat","Sabarkantha","5.4","0.9","0.6","84.5","85.1","0.3","91.7","98.2"
"136","1974","3","Gujarat","Sabarkantha","5.8","0.1","0.6","74.1","74.7","0.1","80.7","86.6"
"136","1975","3","Gujarat","Sabarkantha","7.9","0.6","0.7","100.7","101.4","0.2","110.2","122.5"
"136","1976","3","Gujarat","Sabarkantha","8.5","0.5","0.7","105.3","106.0","0.1","115.1","127.3"
"136","1977","3","Gujarat","Sabarkantha","8.7","0.6","0.7","127.8","128.5","0.1","137.9","153.2"
"136","1978","3","Gujarat","Sabarkantha","8.7","0.8","0.7","130.6","131.3","0.0","140.9","161.0"
"136","1979","3","Gujarat","Sabarkantha","8.8","0.8","1.1","127.4","128.5","0.0","138.1","157.8"
"136","1980","3","Gujarat","Sabarkantha","9.0","0.8","1.1","135.4","136.5","0.0","146.3","165.1"
"136","1981","3","Gujarat","Sabarkantha","8.7","0.9","1.1","145.9","147.0","0.0","156.6","168.3"
"136","1982","3","Gujarat","Sabarkantha","9.1","0.8","2.4","151.4","153.8","0.0","163.7","176.4"
"136","1983","3","Gujarat","Sabarkantha","15.0","1.0","3.0","104.1","107.1","0.0","123.1","161.1"
"136","1984","3","Gujarat","Sabarkantha","7.8","0.8","11.7","143.7","155.4","0.0","164.0","167.9"
"136","1985","3","Gujarat","Sabarkantha","9.4","0.8","20.1","137.1","157.2","0.0","167.4","167.4"
"136","1986","3","Gujarat","Sabarkantha","5.0","0.9","17.7","114.3","132.0","0.0","137.9","141.4"
"136","1987","3","Gujarat","Sabarkantha","3.4","0.0","22.1","103.7","125.8","0.0","129.2","133.0"
"136","1988","3","Gujarat","Sabarkantha","19.7","0.0","20.3","101.9","122.2","0.0","141.9","146.3"
"136","1989","3","Gujarat","Sabarkantha","15.0","0.0","14.4","117.6","132.0","0.0","147.0","154.6"
"136","1990","3","Gujarat","Sabarkantha","15.6","0.0","16.5","137.3","153.8","0.0","169.4","178.7"
"136","1991","3","Gujarat","Sabarkantha","17.0","0.1","16.2","119.8","136.0","4.4","157.5","173.5"
"136","1992","3","Gujarat","Sabarkantha","29.1","0.1","19.7","94.5","114.2","0.0","143.4","166.9"
"136","1993","3","Gujarat","Sabarkantha","34.7","0.1","22.4","104.3","126.7","0.0","161.5","193.1"
"136","1994","3","Gujarat","Sabarkantha","32.6","0.09","28.85","110.76","139.61","0.0","172.3","214.2"
"136","1995","3","Gujarat","Sabarkantha","25.14","1.01","31.0","112.16","143.16","0.0","169.6","212.6"
"136","1996","3","Gujarat","Sabarkantha","24.47","0.73","33.26","120.58","153.84","0.0","179.0","224.6"
"136","1997","3","Gujarat","Sabarkantha","24.38","0.56","47.18","127.91","175.09","0.0","200.1","250.2"
"136","1998","3","Gujarat","Sabarkantha","20.6","0.3","49.2","121.4","170.6","0.0","191.5","239.7"
"136","1999","3","Gujarat","Sabarkantha","16.3","0.1","49.3","114.6","163.9","0.0","180.3","228.9"
"136","2000","3","Gujarat","Sabarkantha","0.0","0.0","38.5","113.6","152.1","0.0","152.1","188.2"
"136","2001","3","Gujarat","Sabarkantha","0.0","0.0","39.0","104.4","143.4","0.0","143.4","181.8"
"136","2002","3","Gujarat","Sabarkantha","1.1","0.0","42.7","96.7","139.4","0.0","140.5","172.0"
"136","2003","3","Gujarat","Sabarkantha","20.0","0.0","40.0","81.0","121.0","0.0","141.6","177.3"
"136","2004","3","Gujarat","Sabarkantha","23.1","0.6","46.5","90.6","137.1","2.0","162.8","204.7"
"136","2005","3","Gujarat","Sabarkantha","23.2","0.6","40.2","114.1","154.3","1.2","179.32","224.97"
"136","2006","3","Gujarat","Sabarkantha","25.6","0.7","49.9","133.9","183.8","2.1","212.19","286.58"
"136","2007","3","Gujarat","Sabarkantha","26.7","0.7","48.7","119.2","167.9","2.2","197.5","324.4"
"136","2008","3","Gujarat","Sabarkantha","21.3","1.0","50.5","66.6","117.1","13.0","152.4","280.7"
"136","2009","3","Gujarat","Sabarkantha","27.0","0.9","112.7","105.5","218.2","14.3","260.3","376.5"
"136","2010","3","Gujarat","Sabarkantha","25.6","4.0","90.3","95.1","185.4","4.1","219.1","293.4"
"136","2011","3","Gujarat","Sabarkantha","34.8","0.9","98.3","91.6","189.9","6.9","232.5","325.4"
"136","2014","3","Gujarat","Sabarkantha","12.7","0.5","63.9","56.0","119.9","25.5","158.6","280.6"
"136","2015","3","Gujarat","Sabarkantha","287.06","7.6","100.7","131.8","232.5","21.0","548.07","949.74"
"136","2016","3","Gujarat","Sabarkantha","32.5","16.8","65.7","146.1","211.8","16.0","277.0","476.5"
"136","2017","3","Gujarat","Sabarkantha","28.8","2.6","91.7","136.8","228.5","18.2","277.9","479.3"
"137","1966","3","Gujarat","Surat","38.8","2.8","0.0","11.62","11.62","0.4","53.6","55.0"
"137","1967","3","Gujarat","Surat","39.0","3.1","0.0","12.9","12.9","0.5","55.5","58.0"
"137","1968","3","Gujarat","Surat","39.5","4.4","0.0","12.7","12.7","0.5","57.1","60.4"
"137","1969","3","Gujarat","Surat","43.1","1.0","0.0","16.2","16.2","0.3","60.6","65.0"
"137","1970","3","Gujarat","Surat","42.5","0.6","0.0","18.0","18.0","0.9","62.0","66.6"
"137","1971","3","Gujarat","Surat","43.5","0.9","0.0","18.0","18.0","2.0","64.4","70.2"
"137","1972","3","Gujarat","Surat","53.0","1.1","0.0","19.0","19.0","2.9","76.0","81.5"
"137","1973","3","Gujarat","Surat","74.5","1.0","0.0","17.5","17.5","1.3","94.3","101.9"
"137","1974","3","Gujarat","Surat","70.5","1.1","0.0","17.1","17.1","0.6","89.3","98.0"
"137","1975","3","Gujarat","Surat","76.5","1.5","0.0","17.5","17.5","2.5","98.0","107.6"
"137","1976","3","Gujarat","Surat","81.0","2.0","0.0","21.1","21.1","0.4","104.5","113.2"
"137","1977","3","Gujarat","Surat","73.5","2.8","0.0","29.4","29.4","0.5","106.2","116.5"
"137","1978","3","Gujarat","Surat","85.7","2.8","0.0","29.9","29.9","0.9","110.5","122.3"
"137","1979","3","Gujarat","Surat","83.5","1.1","0.0","23.2","23.2","0.7","108.5","121.1"
"137","1980","3","Gujarat","Surat","82.0","1.1","0.0","26.2","26.2","0.5","109.8","123.8"
"137","1981","3","Gujarat","Surat","87.0","0.8","0.0","26.4","26.4","0.2","114.4","126.7"
"137","1982","3","Gujarat","Surat","85.3","0.7","0.0","27.1","27.1","0.5","113.6","123.3"
"137","1983","3","Gujarat","Surat","91.1","1.1","0.0","24.1","24.1","0.5","116.8","127.3"
"137","1984","3","Gujarat","Surat","96.3","0.8","0.0","23.8","23.8","0.5","121.4","132.7"
"137","1985","3","Gujarat","Surat","100.8","0.8","0.0","22.8","22.8","0.4","124.8","136.9"
"137","1986","3","Gujarat","Surat","97.9","1.3","0.0","26.2","26.2","0.4","125.8","145.2"
"137","1987","3","Gujarat","Surat","100.5","1.3","0.0","33.5","33.5","0.4","135.7","156.7"
"137","1988","3","Gujarat","Surat","103.5","1.3","0.0","36.0","36.0","0.4","141.2","160.7"
"137","1989","3","Gujarat","Surat","110.7","1.3","0.0","36.8","36.8","0.5","147.0","154.6"
"137","1990","3","Gujarat","Surat","119.9","1.3","0.0","41.1","41.1","0.5","162.8","190.9"
"137","1991","3","Gujarat","Surat","120.7","1.3","0.0","40.3","40.3","0.0","162.3","190.2"
"137","1992","3","Gujarat","Surat","124.0","1.3","0.0","46.7","46.7","0.0","172.0","201.4"
"137","1993","3","Gujarat","Surat","132.8","0.1","0.0","47.7","47.7","0.0","180.6","214.0"
"137","1994","3","Gujarat","Surat","135.62","0.12","0.0","51.87","51.87","0.0","187.6","220.4"
"137","1995","3","Gujarat","Surat","149.05","0.2","0.0","54.62","54.62","1.2","205.7","249.5"
"137","1996","3","Gujarat","Surat","150.61","0.3","0.0","58.44","58.44","0.2","209.5","249.3"
"137","1997","3","Gujarat","Surat","0.0","0.0","0.0","0.0","0.0","0.0","202.8","236.6"
"137","1998","3","Gujarat","Surat","144.2","0.3","0.0","65.6","65.6","0.8","210.9","244.4"
"137","1999","3","Gujarat","Surat","154.9","0.3","0.0","72.2","72.2","0.8","228.2","260.9"
"137","2000","3","Gujarat","Surat","155.3","0.3","0.0","74.6","74.6","0.4","230.6","263.6"
"137","2001","3","Gujarat","Surat","156.9","0.4","0.0","68.7","68.7","0.6","226.6","259.7"
"137","2002","3","Gujarat","Surat","155.6","0.0","0.0","73.7","73.7","0.4","229.7","258.8"
"137","2003","3","Gujarat","Surat","162.5","0.0","0.0","79.1","79.1","0.4","242.0","271.8"
"137","2004","3","Gujarat","Surat","160.2","0.0","0.0","85.0","85.0","0.1","245.3","278.1"
"137","2005","3","Gujarat","Surat","164.3","0.0","0.0","84.8","84.8","0.3","249.37","281.47"
"137","2006","3","Gujarat","Surat","162.5","0.0","0.0","98.6","98.6","0.2","261.31","302.08"
"137","2007","3","Gujarat","Surat","162.4","0.0","10.8","83.2","94.0","2.7","259.1","291.6"
"137","2008","3","Gujarat","Surat","81.7","3.2","27.2","29.9","57.1","11.0","153.0","272.2"
"137","2009","3","Gujarat","Surat","111.6","10.8","41.4","19.9","61.3","14.8","198.5","297.1"
"137","2010","3","Gujarat","Surat","158.3","1.4","36.6","61.2","97.8","8.2","265.8","332.7"
"137","2011","3","Gujarat","Surat","140.7","9.7","40.2","38.9","79.1","13.5","242.9","292.1"
"137","2014","3","Gujarat","Surat","104.0","5.1","36.8","10.4","47.2","11.9","168.3","208.0"
"137","2015","3","Gujarat","Surat","154.7","6.66","55.9","48.9","104.8","22.76","289.02","388.92"
"137","2016","3","Gujarat","Surat","125.9","12.7","31.5","33.4","64.9","27.6","231.2","321.7"
"137","2017","3","Gujarat","Surat","126.2","14.1","42.6","29.2","71.8","9.7","221.7","324.5"
"138","1966","3","Gujarat","Surendranagar","12.0","1.3","0.0","28.93","28.93","0.0","42.2","47.6"
"138","1967","3","Gujarat","Surendranagar","9.4","1.5","0.0","21.9","21.9","0.0","32.8","35.7"
"138","1968","3","Gujarat","Surendranagar","10.1","0.6","0.0","24.6","24.6","0.0","35.3","40.9"
"138","1969","3","Gujarat","Surendranagar","8.6","0.3","0.0","22.8","22.8","0.0","31.7","32.4"
"138","1970","3","Gujarat","Surendranagar","11.3","0.8","0.1","34.9","35.0","0.0","47.1","51.0"
"138","1971","3","Gujarat","Surendranagar","9.7","0.7","0.0","42.7","42.7","0.0","53.1","54.1"
"138","1972","3","Gujarat","Surendranagar","3.9","0.5","0.2","33.9","34.1","0.0","38.5","42.8"
"138","1973","3","Gujarat","Surendranagar","2.0","0.6","0.0","32.0","32.0","0.0","34.6","37.7"
"138","1974","3","Gujarat","Surendranagar","0.5","0.0","0.0","24.4","24.4","0.0","24.9","25.7"
"138","1975","3","Gujarat","Surendranagar","3.7","0.0","0.0","39.7","39.7","0.0","43.4","44.3"
"138","1976","3","Gujarat","Surendranagar","5.4","0.0","0.0","53.5","53.5","0.0","58.9","59.6"
"138","1977","3","Gujarat","Surendranagar","8.1","0.0","0.0","53.2","53.2","0.0","61.3","63.7"
"138","1978","3","Gujarat","Surendranagar","6.1","0.0","0.0","57.0","57.0","0.0","63.1","65.1"
"138","1979","3","Gujarat","Surendranagar","12.1","0.0","0.0","57.6","57.6","0.0","69.7","71.2"
"138","1980","3","Gujarat","Surendranagar","10.2","0.1","0.0","63.3","63.3","0.0","73.6","74.7"
"138","1981","3","Gujarat","Surendranagar","12.4","0.1","0.0","66.1","66.1","0.0","78.6","81.6"
"138","1982","3","Gujarat","Surendranagar","19.2","1.2","0.3","77.7","78.0","0.0","98.4","107.4"
"138","1983","3","Gujarat","Surendranagar","24.8","0.9","0.2","64.0","64.2","0.0","89.9","96.1"
"138","1984","3","Gujarat","Surendranagar","12.0","0.5","0.2","85.5","85.7","0.0","98.2","103.5"
"138","1985","3","Gujarat","Surendranagar","1.1","0.5","0.8","94.7","95.5","0.0","97.1","102.1"
"138","1986","3","Gujarat","Surendranagar","0.0","0.5","0.8","82.0","82.8","0.0","83.3","90.4"
"138","1987","3","Gujarat","Surendranagar","0.0","0.3","0.5","49.2","49.7","0.0","50.0","59.6"
"138","1988","3","Gujarat","Surendranagar","0.0","0.4","0.7","116.8","117.5","0.0","117.9","125.9"
"138","1989","3","Gujarat","Surendranagar","0.7","2.9","2.0","98.2","100.2","0.0","103.8","114.2"
"138","1990","3","Gujarat","Surendranagar","11.2","2.7","2.2","49.8","52.0","0.0","65.9","85.0"
"138","1991","3","Gujarat","Surendranagar","0.0","0.4","2.1","66.7","68.8","0.0","69.2","92.3"
"138","1992","3","Gujarat","Surendranagar","7.6","0.0","2.1","77.9","80.0","0.0","87.6","105.0"
"138","1993","3","Gujarat","Surendranagar","9.3","2.8","2.7","81.2","83.9","0.0","96.0","115.2"
"138","1994","3","Gujarat","Surendranagar","12.69","4.55","102.59","0.6","103.19","0.0","120.4","130.5"
"138","1995","3","Gujarat","Surendranagar","0.17","1.53","65.24","37.01","102.25","0.0","104.0","116.5"
"138","1996","3","Gujarat","Surendranagar","6.57","2.1","72.9","33.18","106.08","0.0","114.7","126.9"
"138","1997","3","Gujarat","Surendranagar","13.43","3.65","89.99","26.18","116.17","0.0","133.3","143.7"
"138","1998","3","Gujarat","Surendranagar","4.4","3.0","98.0","21.9","119.9","0.0","127.3","148.3"
"138","1999","3","Gujarat","Surendranagar","1.0","0.9","105.9","21.9","127.8","0.0","129.7","147.6"
"138","2000","3","Gujarat","Surendranagar","0.0","0.0","72.9","53.2","126.1","0.0","126.1","139.2"
"138","2001","3","Gujarat","Surendranagar","1.7","0.1","66.3","49.4","115.7","0.0","117.5","128.8"
"138","2002","3","Gujarat","Surendranagar","1.5","0.0","64.3","44.0","108.3","0.0","109.8","123.5"
"138","2003","3","Gujarat","Surendranagar","5.0","0.0","76.0","30.0","106.0","0.0","110.9","130.2"
"138","2004","3","Gujarat","Surendranagar","7.9","1.2","86.1","40.4","126.5","0.3","135.9","152.8"
"138","2005","3","Gujarat","Surendranagar","8.9","1.1","108.5","51.1","159.6","0.4","170.01","199.18"
"138","2006","3","Gujarat","Surendranagar","9.6","0.9","141.8","54.0","195.8","0.4","206.65","252.75"
"138","2007","3","Gujarat","Surendranagar","8.4","0.9","126.0","45.0","171.0","0.3","180.6","251.9"
"138","2008","3","Gujarat","Surendranagar","35.7","1.5","117.9","22.8","140.7","0.1","178.0","285.3"
"138","2009","3","Gujarat","Surendranagar","20.3","2.7","160.8","38.6","199.4","7.8","230.2","354.6"
"138","2010","3","Gujarat","Surendranagar","36.2","1.5","118.5","39.9","158.4","0.4","196.6","295.2"
"138","2011","3","Gujarat","Surendranagar","97.1","4.3","160.1","21.8","181.9","9.2","292.5","399.0"
"138","2014","3","Gujarat","Surendranagar","47.78","18.96","122.59","50.81","173.4","56.79","296.93","458.41"
"138","2015","3","Gujarat","Surendranagar","82.5","11.99","139.89","66.55","206.44","15.64","316.59","488.48"
"138","2016","3","Gujarat","Surendranagar","78.76","11.23","144.02","68.31","212.33","19.44","321.86","491.92"
"138","2017","3","Gujarat","Surendranagar","83.77","14.03","137.89","82.03","219.92","4.92","322.61","495.17"